path,category,bytes,lines,nonblank,sha256,added,removed
out/cspboot-analysis/prepare_nand_r240.py,archive; may include upstream code and duplicate snapshots,10651,212,185,05973e5c5d5832a2fdf304ba1bcdafd10edbb1ff5a9179ef556cbd396d8e558d,,
out/cspboot-analysis/verify_cspboot.py,archive; may include upstream code and duplicate snapshots,13031,292,247,095dc0a6b5bc65bf093bffec46fa092fb622464c0076cc8e4e16c40be8019b71,,
out/cspboot-analysis/verify_nand_bundle.py,archive; may include upstream code and duplicate snapshots,7698,128,117,4b64f4e070360c25192c73b2cda40253ee98a39485f1c0c8d2b2ea8858d7230f,,
out/idm-bringup/test/shim.h,archive; may include upstream code and duplicate snapshots,2335,46,46,e96364d3f85d39b59933ab8aa33319bfe7613999b2564766278244155e8fae00,,
out/idm-bringup/test/test.c,archive; may include upstream code and duplicate snapshots,2218,41,41,ffbffb7ee11f72e438c19c83d9c33774ac389b346e0f728ad0431712449bf591,,
out/idm-bringup/test/linux/dma-mapping.h,archive; may include upstream code and duplicate snapshots,18,1,1,f6c5323f721f2df7339af90ea6a9094956a08f7b5d43cedd6284b5558f1a9067,,
out/idm-bringup/test/linux/err.h,archive; may include upstream code and duplicate snapshots,18,1,1,f6c5323f721f2df7339af90ea6a9094956a08f7b5d43cedd6284b5558f1a9067,,
out/idm-bringup/test/linux/netdevice.h,archive; may include upstream code and duplicate snapshots,18,1,1,f6c5323f721f2df7339af90ea6a9094956a08f7b5d43cedd6284b5558f1a9067,,
out/idm-bringup/test/linux/skbuff.h,archive; may include upstream code and duplicate snapshots,18,1,1,f6c5323f721f2df7339af90ea6a9094956a08f7b5d43cedd6284b5558f1a9067,,
out/idm-bringup/test/linux/slab.h,archive; may include upstream code and duplicate snapshots,18,1,1,f6c5323f721f2df7339af90ea6a9094956a08f7b5d43cedd6284b5558f1a9067,,
out/r138/140-before.patch,archive; may include upstream code and duplicate snapshots,23731,774,696,b2ae384be049352a027db7ca751e958818ea98b30b864aafa28fcf9c8503af20,290,109
out/r138/140-r138.patch,archive; may include upstream code and duplicate snapshots,9031,331,303,7b6b8d80405b1533722ade84725ab2ec10cdc5ab5f2d2189ce42ec4fd8275e65,139,20
out/r138/rebuild.sh,archive; may include upstream code and duplicate snapshots,1365,22,22,08e6593d970012bba0a18916ddaeb0bc64aefe0e2a92f470d071e59b78738f8b,,
out/r138/verify-image.py,archive; may include upstream code and duplicate snapshots,6604,142,132,047d8b41f85d894ba3577bfcf2b1e2bf4c798a80179f085c317772f53c950aac,,
out/r139/140-r139.patch,archive; may include upstream code and duplicate snapshots,13269,470,423,ecb6f5ae574bb17e3fdaaba6d051fce0c12217c4db99ef4e9bf7dd5bee07186b,195,21
out/r139/diagnostics-only.patch,archive; may include upstream code and duplicate snapshots,5787,190,164,076d0eebdb8e8e855e2a3fa7031ddbe3e261d9ea6c0986719163b1a42c3108c3,57,2
out/r139/rebuild.sh,archive; may include upstream code and duplicate snapshots,1365,22,22,690db74b0653dfcb0bbbe3f64d97a7c604579cc943d7621379ec40fa6ce5e9d4,,
out/r139/verify-image.py,archive; may include upstream code and duplicate snapshots,6604,142,132,f12cea2f1f530633c70d46ea006c4b39b3cdd28be42640e66c71694e6d613792,,
out/r140/140-r140.patch,archive; may include upstream code and duplicate snapshots,14864,517,465,39b8c1c7089cdd43b073b113b5a45cac1be6a23bf19aae472a1a1d7c7e695e0f,225,21
out/r140/diagnostics-only.patch,archive; may include upstream code and duplicate snapshots,8534,251,220,32984a58bc8019c8501c9df6dd9f4fe9248f3a09822ab9840bf1650826da59d4,53,23
out/r140/rebuild.sh,archive; may include upstream code and duplicate snapshots,1365,22,22,17194696e97bcd448d39a843fca5eed5e683a82aedaebe0d5eaf812be498cb90,,
out/r140/verify-image.py,archive; may include upstream code and duplicate snapshots,6604,142,132,7b076a7448bde4ec2d199611bcfb9439c5ae7db01a6725dfb23537e569d95953,,
out/r141/140-r141.patch,archive; may include upstream code and duplicate snapshots,20657,731,645,74101d3a4df5ae73230b95caa4d9e98b35c27052f29cb75f2470f24763ddc5d2,296,24
out/r141/diagnostics-only.patch,archive; may include upstream code and duplicate snapshots,14297,461,396,b56ceb4799baf2ae6f31150af7b2698933366b49fa24958987c99030e3a8dfb7,100,32
out/r141/rebuild.sh,archive; may include upstream code and duplicate snapshots,1365,22,22,3322a5e76d20fe3aa325f60cfd87bc048b763e576b42a48a124ab896693c8fa5,,
out/r141/verify-image.py,archive; may include upstream code and duplicate snapshots,6604,142,132,06039a1bd2e025e465f83dc20bf22b69659fee66e596b745c81af39427aaf4bd,,
out/r142/140-r142.patch,archive; may include upstream code and duplicate snapshots,20657,731,645,9e583b25c1bb20005a820b13f72bc529fc4747d19e92cc591cc033e425b5cfd3,296,24
out/r142/rebuild.sh,archive; may include upstream code and duplicate snapshots,1716,27,27,c30c2beb936bbba051818a6a8324295fda97b8b8ddaab954e7ac06cd7de71abb,,
out/r142/resume.sh,archive; may include upstream code and duplicate snapshots,1379,22,22,c7a4eee3b67c675a4f4f081c87da6e436ff4beaf86f8bcd8e2ffea721bbe0927,,
out/r142/verify-image.py,archive; may include upstream code and duplicate snapshots,6604,142,132,319dbf5e2fe49163d0f084b93f592286ab809d302522d6d6e58e37a896ab52cc,,
out/r142/verify-kernel.py,archive; may include upstream code and duplicate snapshots,1812,31,31,cb8dd1bc9273f68178371c49cd803fb75e2ae3e2c1eee7f9216399d9a67d0b4c,,
out/r142/before/140.patch,archive; may include upstream code and duplicate snapshots,20657,731,645,74101d3a4df5ae73230b95caa4d9e98b35c27052f29cb75f2470f24763ddc5d2,296,24
out/r143/rebuild.sh,archive; may include upstream code and duplicate snapshots,1159,19,19,fdc08f2b949778d087ba12939897409e5f68a022cc3ed5b7abd4290c046331b3,,
out/r143/verify-image.py,archive; may include upstream code and duplicate snapshots,6604,142,132,319dbf5e2fe49163d0f084b93f592286ab809d302522d6d6e58e37a896ab52cc,,
out/r143/verify-kernel.py,archive; may include upstream code and duplicate snapshots,2423,43,42,309b6e61c585b3c0a9348f2bf392028b5eb39148913e522f837028e9b040ce98,,
out/r144/rebuild.sh,archive; may include upstream code and duplicate snapshots,1309,21,21,41684c70f4f24f9be866476902c1647c9b6eb994bd5418d55cdf1d6a4423a7bf,,
out/r144/verify-image.py,archive; may include upstream code and duplicate snapshots,6604,142,132,319dbf5e2fe49163d0f084b93f592286ab809d302522d6d6e58e37a896ab52cc,,
out/r144/verify-kernel.py,archive; may include upstream code and duplicate snapshots,3379,56,54,f3348e9391da1a8a04e75185aef0eff154d5df420dfef1b97ee8aa21e8280cae,,
out/r145/cache-l2x0.before.c,archive; may include upstream code and duplicate snapshots,50680,1826,1554,f739035ffea1a6cfbf5983feebcc337ea14ad6365c0e90f21fd2eb5ae97edaa1,,
out/r145/rebuild.sh,archive; may include upstream code and duplicate snapshots,1528,24,24,dd663304a3fabb41395136367b7bc655123e3f6ee1beb3470555d23fefd96168,,
out/r145/resume.sh,archive; may include upstream code and duplicate snapshots,1387,22,22,bc172db0b167b2641f34c8431c9ad7423ca5338e1947db8f0c3d4290e16202ce,,
out/r145/verify-guard.py,archive; may include upstream code and duplicate snapshots,1718,33,33,fe0ee6fe38e5584ec5c6e06b99448110862b870e7a14658d000897d1126c667c,,
out/r145/verify-image.py,archive; may include upstream code and duplicate snapshots,6604,142,132,a333633fd1ae45eb198466a301b9d9f8d8de2cb1110802863cb64f08bf22dbe2,,
out/r145/verify-kernel.py,archive; may include upstream code and duplicate snapshots,2492,43,42,988d917e21972273fd51d0808f2ff60b4614578af88e237a9ecd026d181183bf,,
out/r146/cache-l2x0.r145.c,archive; may include upstream code and duplicate snapshots,52323,1891,1608,0e35a051612981261a0e194ed3741c8c05a5db1f1f661ff6c978d9a0eecfed7f,,
out/r146/rebuild.sh,archive; may include upstream code and duplicate snapshots,1528,24,24,979a354516635924cf8d42240432b83930626be6655a20f4e40702d86c8990a4,,
out/r146/resume.sh,archive; may include upstream code and duplicate snapshots,1387,22,22,fa964cafa366c2a023c582938c8c16e786ce44e9cd70cefd055f9b5b735dc80f,,
out/r146/verify-delta.py,archive; may include upstream code and duplicate snapshots,1317,23,23,703315d3aa9d9199a65c23173b1b92aa15199289075da4f468b0643592cccbe6,,
out/r146/verify-guard.py,archive; may include upstream code and duplicate snapshots,2344,42,41,a2ba4f89a2996d9e42006debdb48f2587d9d26694cf87136a5f4f54cb010d534,,
out/r146/verify-image.py,archive; may include upstream code and duplicate snapshots,6604,142,132,a333633fd1ae45eb198466a301b9d9f8d8de2cb1110802863cb64f08bf22dbe2,,
out/r146/verify-kernel.py,archive; may include upstream code and duplicate snapshots,2492,43,42,26fcd6a1e38596cd2919f709d4fc5c3c71687b12e1921cb1241d63e9cdbd5137,,
out/r147/rebuild.sh,archive; may include upstream code and duplicate snapshots,1528,24,24,056909db07581f4b0c11949f1a7aad3eac7f125191cdb517f6c6d50915f2415a,,
out/r147/verify-guard.py,archive; may include upstream code and duplicate snapshots,2344,42,41,bfb9527f5feb59efb4fbf49a6b582f6c5c5533f501f4820a9ef6d78a3ad6e91b,,
out/r147/verify-image.py,archive; may include upstream code and duplicate snapshots,6604,142,132,a333633fd1ae45eb198466a301b9d9f8d8de2cb1110802863cb64f08bf22dbe2,,
out/r147/verify-kernel.py,archive; may include upstream code and duplicate snapshots,3102,52,50,5545d7d89738a69a604fd9a2c8c0b9b42ecfc691d0ffaab5e28dce411a6bdc47,,
out/r148/rebuild.sh,archive; may include upstream code and duplicate snapshots,1528,24,24,cb01542a2588c4d6a688af8c2558faa5ec14a01a96cfbfc97ffbc5f10b92cfba,,
out/r148/verify-guard.py,archive; may include upstream code and duplicate snapshots,2344,42,41,4f1d19a6875a2a5a45827fcf7e8bc96539433a484536047cbca2566fa4bb1d1e,,
out/r148/verify-image.py,archive; may include upstream code and duplicate snapshots,6604,142,132,a333633fd1ae45eb198466a301b9d9f8d8de2cb1110802863cb64f08bf22dbe2,,
out/r148/verify-kernel.py,archive; may include upstream code and duplicate snapshots,3377,56,53,6e0ee2992e127cdb828777a337316c4822738fa183a6c87feb128f606ab99f08,,
out/r149/rebuild.sh,archive; may include upstream code and duplicate snapshots,1528,24,24,24451df7dbbfae1d08750cbbbc52206580ac4db5c19e6ee1ffda7515d6ff21ef,,
out/r149/verify-guard.py,archive; may include upstream code and duplicate snapshots,2344,42,41,8864698df6dd6a48c8c647f7cce11814d513c4d7bf85380ad98fb976e7dc5b80,,
out/r149/verify-image.py,archive; may include upstream code and duplicate snapshots,6604,142,132,a333633fd1ae45eb198466a301b9d9f8d8de2cb1110802863cb64f08bf22dbe2,,
out/r149/verify-kernel.py,archive; may include upstream code and duplicate snapshots,3531,60,56,9833138ecb2049b3a8a2a876240e145c65afcbdfc20f0b1cebea590e8dbbcd1e,,
out/r150/rebuild.sh,archive; may include upstream code and duplicate snapshots,1528,24,24,acbf0ee22b7c0aa6bcb734a8fdfe724d10bbe9b29225ecab5082409569b441ca,,
out/r150/verify-guard.py,archive; may include upstream code and duplicate snapshots,2344,42,41,3d615b62f47d29194ced931b39febda41272606517797d54c282bbd88de7184e,,
out/r150/verify-image.py,archive; may include upstream code and duplicate snapshots,6604,142,132,a333633fd1ae45eb198466a301b9d9f8d8de2cb1110802863cb64f08bf22dbe2,,
out/r150/verify-kernel.py,archive; may include upstream code and duplicate snapshots,3682,64,59,d11f34cb7cc2c09535985bb08d57010aa55890615625794b6d682b52179559f7,,
out/r151/check-encoding.py,archive; may include upstream code and duplicate snapshots,2286,42,42,0a80e3b3f2c42810593a3f033aa1ba8347a25a7087548e66e51fd40beeb51ee5,,
out/r151/encoding.c,archive; may include upstream code and duplicate snapshots,1451,36,36,6989a0bf5826b5273effa09d93e689b77fd7e0a0619e2de6830d439d13da699c,,
out/r151/rebuild.sh,archive; may include upstream code and duplicate snapshots,1528,24,24,42b1a67cb2fec1467a20fdc561aba33479c89c6a701134b7591e870f869b0dc4,,
out/r151/verify-guard.py,archive; may include upstream code and duplicate snapshots,2344,42,41,df31473de559f8910d3c949feee9c5d48ca83a2195bf7969bc860b6e00c853de,,
out/r151/verify-image.py,archive; may include upstream code and duplicate snapshots,6604,142,132,a333633fd1ae45eb198466a301b9d9f8d8de2cb1110802863cb64f08bf22dbe2,,
out/r151/verify-kernel.py,archive; may include upstream code and duplicate snapshots,3783,67,61,a62ed23edfd86ff47f31c0071e6126f9ae7dd6418293db250699360f52749423,,
out/r151/source/zx279128s-idm-hw.c,archive; may include upstream code and duplicate snapshots,15975,516,491,aad846eace0cb24f1d4f524810a40ca4f6cf1dfee3be9a1dd0db81375cc374b7,,
out/r151/source/zx279128s-l3offload.c,archive; may include upstream code and duplicate snapshots,60895,1802,1576,f7998002fe7401dcc62490cb5d81f180b205b6488480f246d09a4ab3ff778c17,,
out/r151/source/zx279128s-l3offload.h,archive; may include upstream code and duplicate snapshots,3022,112,96,1767ce6dc2eefe4a7a154cb0a0e9a3f28b224086419ad3bdc68c064237942e7c,,
out/r152/check-encoding.py,archive; may include upstream code and duplicate snapshots,2310,42,42,b0efd3010fbb3ba68dac9106b3fae89f1c4dbed79da4922c34d2b9d47a660773,,
out/r152/encoding.c,archive; may include upstream code and duplicate snapshots,1463,36,36,6c92e1ce52fc8486713699953fd0e971a546b376d9bfee179d43f0b4fcc491ad,,
out/r152/rebuild.sh,archive; may include upstream code and duplicate snapshots,1528,24,24,dc54b9d8d4106b8d83e2621a9e4c7b34d82927d99216222af3fd39018449ec7a,,
out/r152/verify-guard.py,archive; may include upstream code and duplicate snapshots,2344,42,41,b13430c1ab89e81bfcf3678efd23f4fc93d4267ec90234696e8abe40300332b6,,
out/r152/verify-image.py,archive; may include upstream code and duplicate snapshots,6604,142,132,a333633fd1ae45eb198466a301b9d9f8d8de2cb1110802863cb64f08bf22dbe2,,
out/r152/verify-kernel.py,archive; may include upstream code and duplicate snapshots,3880,70,63,9a5b9a493886fa9d57892227e59cb26bd24d0a1e4b9be5b7c1051b196b98ad60,,
out/r152/source/zx279128s-idm-hw.c,archive; may include upstream code and duplicate snapshots,15975,516,491,aad846eace0cb24f1d4f524810a40ca4f6cf1dfee3be9a1dd0db81375cc374b7,,
out/r152/source/zx279128s-l3offload.c,archive; may include upstream code and duplicate snapshots,61883,1823,1595,b7cdb708100e3e0607b401e20c074e54335329455101881fa818a909717be9ff,,
out/r152/source/zx279128s-l3offload.h,archive; may include upstream code and duplicate snapshots,3022,112,96,1767ce6dc2eefe4a7a154cb0a0e9a3f28b224086419ad3bdc68c064237942e7c,,
out/r153/check-encoding.py,archive; may include upstream code and duplicate snapshots,2501,46,45,8588c3731626a593365cac8e69ca8689a266f3683d56c04b688465ef546d2612,,
out/r153/encoding.c,archive; may include upstream code and duplicate snapshots,1477,36,36,1af365742f0afe882429025af498644d1e58d055671d1d17ac9b55b0c4c9561d,,
out/r153/rebuild.sh,archive; may include upstream code and duplicate snapshots,1528,24,24,bcc849bd7cb40a8fdcc80c2285a185ca30c729f1ab1b4ee943f4a51c074c07a6,,
out/r153/verify-guard.py,archive; may include upstream code and duplicate snapshots,2344,42,41,f9e2b355437ef51a6965dcf72e8692b4df25322ce6b655e13d4ba85828821732,,
out/r153/verify-image.py,archive; may include upstream code and duplicate snapshots,6604,142,132,a333633fd1ae45eb198466a301b9d9f8d8de2cb1110802863cb64f08bf22dbe2,,
out/r153/verify-kernel.py,archive; may include upstream code and duplicate snapshots,3880,70,63,1dee2342adf5cf2716885c783ceb57cc992e4c5be9e789beada7c9447bf63f92,,
out/r153/source/zx279128s-idm-hw.c,archive; may include upstream code and duplicate snapshots,15975,516,491,aad846eace0cb24f1d4f524810a40ca4f6cf1dfee3be9a1dd0db81375cc374b7,,
out/r153/source/zx279128s-l3offload.c,archive; may include upstream code and duplicate snapshots,62125,1826,1598,4185886fcd14b0c459f2d2afd699cb2f8cad283511d24a0651cae10b8e54ed87,,
out/r153/source/zx279128s-l3offload.h,archive; may include upstream code and duplicate snapshots,3022,112,96,1767ce6dc2eefe4a7a154cb0a0e9a3f28b224086419ad3bdc68c064237942e7c,,
out/r154/check-encoding.py,archive; may include upstream code and duplicate snapshots,3023,57,55,54c7d76d978321b497557a49f8370f86a99fee9c8567ae909c84eae9c4692176,,
out/r154/check-packets.py,archive; may include upstream code and duplicate snapshots,2948,51,51,61b560a81a6164e2fabfac741c1da8fc60363e81070710436de84b51e52fb8a5,,
out/r154/encoding.c,archive; may include upstream code and duplicate snapshots,1653,40,40,79ea41c4d9084b5b5e37b11ae9e6c80ca12685ebe5d28ea8a6a72313b230a295,,
out/r154/packet-harness.c,archive; may include upstream code and duplicate snapshots,2580,64,59,792f55382da9af8ea878bbc05fe8b0a97ef9f6c138e28a8ae32ecb89d04ecfe8,,
out/r154/rebuild.sh,archive; may include upstream code and duplicate snapshots,1528,24,24,0b0e50aac78aed5a58b57f785a4da9a5f963841d5549ee2a7515793b85e8e15e,,
out/r154/verify-guard.py,archive; may include upstream code and duplicate snapshots,2344,42,41,d904be20b0b1fa83a03c65505ae2d4c5281cdad21dbaa65186d3e12fe463a495,,
out/r154/verify-image.py,archive; may include upstream code and duplicate snapshots,6604,142,132,a333633fd1ae45eb198466a301b9d9f8d8de2cb1110802863cb64f08bf22dbe2,,
out/r154/verify-kernel.py,archive; may include upstream code and duplicate snapshots,4027,74,66,5de8b60c97f5fb0a005ca025ab627e1cf35e7e5c91735d259c55bb68d03e94a8,,
out/r154/source/zx279128s-idm-hw.c,archive; may include upstream code and duplicate snapshots,21929,688,658,9f9dd50d2cf95ce09b17f64006442019a03f3ee11f58f3bd8d5add497b852e50,,
out/r154/source/zx279128s-l3offload.c,archive; may include upstream code and duplicate snapshots,62332,1831,1603,eb01cec1f0190a6edddcfd4e3ed2f040fc2b5835defb0bfeeed425dcd1596ce0,,
out/r154/source/zx279128s-l3offload.h,archive; may include upstream code and duplicate snapshots,3048,112,96,08312579109d1a4b0673798d6332e1e76f9fa4d2e504c44e256ee54058ff3687,,
out/r155/check-encoding.py,archive; may include upstream code and duplicate snapshots,3474,66,63,6c59125afd1613d543367383201d163e7124bb677f0901f07ab4423b4f6f1c30,,
out/r155/check-removal.py,archive; may include upstream code and duplicate snapshots,2682,38,38,1382ef603f250697aa90d941658a510750ea728bb292212ccc9989d7cba5339b,,
out/r155/check-reply.py,archive; may include upstream code and duplicate snapshots,2743,45,45,76f4c5bf4c5458fc9fb8f353e1090c95c1c5b74d57c30937e6f5be2130928193,,
out/r155/encoding.c,archive; may include upstream code and duplicate snapshots,1721,41,41,49af2456abdbe68ca1234aedff26642429a93531500588f8a00d4d68d0d12b17,,
out/r155/rebuild.sh,archive; may include upstream code and duplicate snapshots,1528,24,24,81de94c0bf7831899d9e7d788b3aa662e578c9cb5d4e075f47eaa45dfcca6d2c,,
out/r155/removal-test.c,archive; may include upstream code and duplicate snapshots,2886,58,56,a4d7d4c816dd5407bb39509d3d32547a4483a09285299105a756efb0ddad7b1c,,
out/r155/reply-test.c,archive; may include upstream code and duplicate snapshots,3123,60,58,d99ef931344a0487d6a57f68a2e6cd004349f8e4999e2817144b2263f9a862fe,,
out/r155/verify-guard.py,archive; may include upstream code and duplicate snapshots,2344,42,41,a4304642ac7753edc1a7e560c74803741c9de47f8508ab829936b7e45c4001e0,,
out/r155/verify-image.py,archive; may include upstream code and duplicate snapshots,6604,142,132,a333633fd1ae45eb198466a301b9d9f8d8de2cb1110802863cb64f08bf22dbe2,,
out/r155/verify-kernel.py,archive; may include upstream code and duplicate snapshots,4310,79,70,e841ea323d6e90de697d7da72643fc74531c8bddb2929d4107414ccce398cb37,,
out/r155/source/zx279128s-idm-hw.c,archive; may include upstream code and duplicate snapshots,31461,958,920,da5a2dcd22ef622be1acdc795d2a16df6efd49dc90d19823658b4a81a4142266,,
out/r155/source/zx279128s-l3offload.c,archive; may include upstream code and duplicate snapshots,63672,1878,1646,a32598a3692f78c7518c2aa78a82241847de2529a50d6f8c2b677172b49b3561,,
out/r155/source/zx279128s-l3offload.h,archive; may include upstream code and duplicate snapshots,3172,114,98,e1e5625f1c17b47495f07e1a681dd2e0b48e05c589053f54c9730ac12ba5e252,,
out/r156/check-encoding.py,archive; may include upstream code and duplicate snapshots,3474,66,63,6c59125afd1613d543367383201d163e7124bb677f0901f07ab4423b4f6f1c30,,
out/r156/check-handoff.py,archive; may include upstream code and duplicate snapshots,2198,43,42,3109ec587509768f62088eed61e230456ef168166bee507f95d76e7ca8cf226e,,
out/r156/check-removal.py,archive; may include upstream code and duplicate snapshots,2682,38,38,1382ef603f250697aa90d941658a510750ea728bb292212ccc9989d7cba5339b,,
out/r156/check-reply.py,archive; may include upstream code and duplicate snapshots,2743,45,45,76f4c5bf4c5458fc9fb8f353e1090c95c1c5b74d57c30937e6f5be2130928193,,
out/r156/fix.patch,archive; may include upstream code and duplicate snapshots,2575,48,48,ca6af9bfd190cf7dd36c8755092c26336092ff9f33a4b06276e95215967c1d10,11,5
out/r156/handoff-test.c,archive; may include upstream code and duplicate snapshots,1146,25,25,caaa95daa5eeac9eb1d30b852e47dd4d46e0b9024ab5b9db5f4c21d4cd7fef66,,
out/r156/rebuild.sh,archive; may include upstream code and duplicate snapshots,1618,25,25,6d70a3e2100873cb1d973a7e10fce06eb2bd7803dcfc7dc44dc4e382325ea12a,,
out/r156/verify-guard.py,archive; may include upstream code and duplicate snapshots,2344,42,41,c0eba35c331d76865a82653cf54404d403942629b93d7bdc65e7418deee4fe3a,,
out/r156/verify-handoff.py,archive; may include upstream code and duplicate snapshots,3399,59,57,7284e81cb6dda9eec5935d28ea7fe48be8281791fc13dfc0ca37e1c9ce3118ee,,
out/r156/verify-image.py,archive; may include upstream code and duplicate snapshots,6604,142,132,a333633fd1ae45eb198466a301b9d9f8d8de2cb1110802863cb64f08bf22dbe2,,
out/r156/verify-kernel.py,archive; may include upstream code and duplicate snapshots,4310,79,70,7db9e47fe49b1151e21b3da0536318c21aa0aa6ec9c53572e9bdf13d0f1c176a,,
out/r156/source/zx279128s-idm-hw.c,archive; may include upstream code and duplicate snapshots,31681,963,925,e332411a4ce5eb62e77f2ed43fe0c38d07dbfba2ff0b6553d82dad0ec3edd90b,,
out/r156/source/zx279128s-idm.c,archive; may include upstream code and duplicate snapshots,5676,214,196,e41298327e6f83118bf4aaa78dadada65c00228563bd3c68669a3a4e30339abb,,
out/r156/source/zx279128s-idm.h,archive; may include upstream code and duplicate snapshots,2072,58,52,4f468554b2873b4b210fc4faeafc522a514782fe8f9e37a9f2a0adf9a889f40c,,
out/r156/source/zx279128s-l3offload.c,archive; may include upstream code and duplicate snapshots,63672,1878,1646,a32598a3692f78c7518c2aa78a82241847de2529a50d6f8c2b677172b49b3561,,
out/r156/source/zx279128s-l3offload.h,archive; may include upstream code and duplicate snapshots,3172,114,98,e1e5625f1c17b47495f07e1a681dd2e0b48e05c589053f54c9730ac12ba5e252,,
out/r157/callback-test.c,archive; may include upstream code and duplicate snapshots,3089,62,60,4980f63e0d3160234bbae91d0399ac1fc851410e7e448024322f335931290232,,
out/r157/check-callback.py,archive; may include upstream code and duplicate snapshots,2742,55,55,935139bbbab4f8766f27bcd4427c98d5c9835528a481e06b3e104d6c2e35842a,,
out/r157/check-station-gate.py,archive; may include upstream code and duplicate snapshots,5101,94,94,8b916d1dff9f9674d91cd4c72bce237b3823cac22df9f05f3e06acc85780bb90,,
out/r157/rebuild.sh,archive; may include upstream code and duplicate snapshots,1708,26,26,3f271d642cf08815126cd9e3505454431be964fc7559a58d0bde8ab132aa2f2b,,
out/r157/station-gate-test.c,archive; may include upstream code and duplicate snapshots,7347,200,189,5b807ef297bf098fc6c93ad7ea55a5aaa845960d94333fcd83ef26259fd5256a,,
out/r157/verify-guard.py,archive; may include upstream code and duplicate snapshots,2344,42,41,25f34c1f0846ca011008407c0a835588bf2c702f97e2c02bcb1c5b84715c23a6,,
out/r157/verify-handoff.py,archive; may include upstream code and duplicate snapshots,3399,59,57,5a7aac4d4206ea27adf91bc6a45d6bbe098d39aab15465b273691fbb6db64e2f,,
out/r157/verify-image.py,archive; may include upstream code and duplicate snapshots,6604,142,132,a333633fd1ae45eb198466a301b9d9f8d8de2cb1110802863cb64f08bf22dbe2,,
out/r157/verify-kernel.py,archive; may include upstream code and duplicate snapshots,4310,79,70,3ee413dc6c5a891e3de6bdf0a27e23ce7b71fbf650876ade3bfa65bda761ee53,,
out/r157/verify-station.py,archive; may include upstream code and duplicate snapshots,2752,46,46,4cd6241b2c9377d225b2e1a098be854c7381fe11bf3d96362fb208d15fb7f1d6,,
out/r157/source/160-h3601p-idm-station-lifetime.patch,archive; may include upstream code and duplicate snapshots,1876,51,50,9bfb77ec4a9fc912cdf48fa34e7b91c7533ce0176ae4887e1f9b570afc0844cd,34,0
out/r157/source/zx-idm-wlan.h,archive; may include upstream code and duplicate snapshots,604,15,13,31a6cd042749863663fa747a0cb2965199bc9b8d58141bc9ec2c4384544cc1c3,,
out/r157/source/zx279128s-idm-hw.c,archive; may include upstream code and duplicate snapshots,32133,980,942,ac50a74a02a61f82e4348c9a95307c0c4ad762dfd87628d6e52a614af9df9001,,
out/r157/source/zx279128s-idm-wlan.c,archive; may include upstream code and duplicate snapshots,4902,180,165,4c9b1d9f9553768c9a86f887c95b3fc025a0ac2cf9369a5c8678376eaf680464,,
out/r157/source/zx279128s-idm.c,archive; may include upstream code and duplicate snapshots,5676,214,196,e41298327e6f83118bf4aaa78dadada65c00228563bd3c68669a3a4e30339abb,,
out/r157/source/zx279128s-idm.h,archive; may include upstream code and duplicate snapshots,2072,58,52,4f468554b2873b4b210fc4faeafc522a514782fe8f9e37a9f2a0adf9a889f40c,,
out/r157/source/zx279128s-l3offload.c,archive; may include upstream code and duplicate snapshots,63672,1878,1646,a32598a3692f78c7518c2aa78a82241847de2529a50d6f8c2b677172b49b3561,,
out/r157/source/zx279128s-l3offload.h,archive; may include upstream code and duplicate snapshots,3172,114,98,e1e5625f1c17b47495f07e1a681dd2e0b48e05c589053f54c9730ac12ba5e252,,
out/r158/callback-test.c,archive; may include upstream code and duplicate snapshots,3089,62,60,4980f63e0d3160234bbae91d0399ac1fc851410e7e448024322f335931290232,,
out/r158/check-callback.py,archive; may include upstream code and duplicate snapshots,2742,55,55,935139bbbab4f8766f27bcd4427c98d5c9835528a481e06b3e104d6c2e35842a,,
out/r158/check-encoding.py,archive; may include upstream code and duplicate snapshots,3474,66,63,6c59125afd1613d543367383201d163e7124bb677f0901f07ab4423b4f6f1c30,,
out/r158/check-ingress.py,archive; may include upstream code and duplicate snapshots,8208,100,100,8e6d8ac7ab3a4c2791404e7153813997cd8119b7526491bc1014800a8e292bdd,,
out/r158/check-lifecycle.py,archive; may include upstream code and duplicate snapshots,6239,54,54,1b1158dc96205c46a7e0a1c6cf1a29b77ca5e9cfdfab405c32548ddcdd1ac5ed,,
out/r158/check-removal.py,archive; may include upstream code and duplicate snapshots,2682,38,38,1382ef603f250697aa90d941658a510750ea728bb292212ccc9989d7cba5339b,,
out/r158/check-reply.py,archive; may include upstream code and duplicate snapshots,2861,45,45,ccba9bb42fb393932d8264da297c4656c9beb9c001e8d7c237a4a722bb038354,,
out/r158/check-station-gate.py,archive; may include upstream code and duplicate snapshots,5101,94,94,8b916d1dff9f9674d91cd4c72bce237b3823cac22df9f05f3e06acc85780bb90,,
out/r158/encoding.c,archive; may include upstream code and duplicate snapshots,1721,41,41,49af2456abdbe68ca1234aedff26642429a93531500588f8a00d4d68d0d12b17,,
out/r158/implementation-edit.py,archive; may include upstream code and duplicate snapshots,7888,160,155,28dc3f86e74a07615d1ef43de791628b682ea4184832caed8c947d1576f89df1,,
out/r158/ingress-test.c,archive; may include upstream code and duplicate snapshots,10643,174,170,919f67e1eaf17db4794e98150883a0ab71846b3cc4eddb4fe3728879ff11d4ac,,
out/r158/lifecycle-test.c,archive; may include upstream code and duplicate snapshots,13876,224,218,eb428782c2417ca6422bf6163131a42ae16edb134b18c2dfb68ab285c6b0b2dd,,
out/r158/rebuild.sh,archive; may include upstream code and duplicate snapshots,1810,27,27,5a4e8217d88172183b2b13dbd77ffb27621dbc04be10c2e4f6b362bb6acb1dc8,,
out/r158/removal-test.c,archive; may include upstream code and duplicate snapshots,2886,58,56,a4d7d4c816dd5407bb39509d3d32547a4483a09285299105a756efb0ddad7b1c,,
out/r158/reply-test.c,archive; may include upstream code and duplicate snapshots,3262,60,58,6c606f1e0f262f62338a4a413be4b863cc9683b3bb2044e56db942356f5eae6d,,
out/r158/station-gate-test.c,archive; may include upstream code and duplicate snapshots,7347,200,189,5b807ef297bf098fc6c93ad7ea55a5aaa845960d94333fcd83ef26259fd5256a,,
out/r158/verify-bidirectional.py,archive; may include upstream code and duplicate snapshots,2359,32,32,e1486f69f2de3e600e6b73e2bea8d176baa67f53a407cf50c707c4265be2dca8,,
out/r158/verify-guard.py,archive; may include upstream code and duplicate snapshots,2344,42,41,8588883a1e071097bdf0ca895397e731b8b76d037fa69c23524392780aec4f10,,
out/r158/verify-handoff.py,archive; may include upstream code and duplicate snapshots,3466,60,58,a104ee61d3595dfd886846231267c8a20cb0549e73153953c9debc238c0979f6,,
out/r158/verify-image.py,archive; may include upstream code and duplicate snapshots,6604,142,132,a333633fd1ae45eb198466a301b9d9f8d8de2cb1110802863cb64f08bf22dbe2,,
out/r158/verify-kernel.py,archive; may include upstream code and duplicate snapshots,4358,80,71,9d66a47181459ebc36431cf450571ffaa6568ecb041a2b37f22200e5c873c2e2,,
out/r158/verify-station.py,archive; may include upstream code and duplicate snapshots,2789,46,46,39e2023b35db212b999643fd029d3758cee2d15be0ab5e60afd6e16a742299eb,,
out/r158/source/160-h3601p-idm-station-lifetime.patch,archive; may include upstream code and duplicate snapshots,1876,51,50,9bfb77ec4a9fc912cdf48fa34e7b91c7533ce0176ae4887e1f9b570afc0844cd,34,0
out/r158/source/zx-idm-wlan.h,archive; may include upstream code and duplicate snapshots,604,15,13,31a6cd042749863663fa747a0cb2965199bc9b8d58141bc9ec2c4384544cc1c3,,
out/r158/source/zx279128s-idm-hw.c,archive; may include upstream code and duplicate snapshots,40297,1193,1148,c0637b3a3850e6bb92e57f791139edadd545fb32e8b1862cccbbcd424b1426bd,,
out/r158/source/zx279128s-idm-wlan.c,archive; may include upstream code and duplicate snapshots,4902,180,165,4c9b1d9f9553768c9a86f887c95b3fc025a0ac2cf9369a5c8678376eaf680464,,
out/r158/source/zx279128s-idm.c,archive; may include upstream code and duplicate snapshots,5676,214,196,e41298327e6f83118bf4aaa78dadada65c00228563bd3c68669a3a4e30339abb,,
out/r158/source/zx279128s-idm.h,archive; may include upstream code and duplicate snapshots,2072,58,52,4f468554b2873b4b210fc4faeafc522a514782fe8f9e37a9f2a0adf9a889f40c,,
out/r158/source/zx279128s-l3offload.c,archive; may include upstream code and duplicate snapshots,63906,1884,1651,065b2394f27939e4937827087160be504364c2790c0e55a865abf08799cf179c,,
out/r158/source/zx279128s-l3offload.h,archive; may include upstream code and duplicate snapshots,3259,115,99,eca7e434e33da92675b65ccb9ac02a6ced592339e58a70151ffc5b5377255ad6,,
out/r158/source/zx279128s-tm.c,archive; may include upstream code and duplicate snapshots,78196,2631,2299,ca196d20cbc8281496ed5ab8b56fd7f011f5e193e3ff1b0da0de1944442e731d,,
out/r158/source/zx279128s-tm.h,archive; may include upstream code and duplicate snapshots,1783,88,78,cbc364380557a8df120860888c3cd95c6537777191e8def8fffa976cfaada9b4,,
out/r159/check-callback.py,archive; may include upstream code and duplicate snapshots,2742,55,55,935139bbbab4f8766f27bcd4427c98d5c9835528a481e06b3e104d6c2e35842a,,
out/r159/check-encoding.py,archive; may include upstream code and duplicate snapshots,3759,72,68,9c7c78ab889f851f929a2cbeedc8d933801bc2fe5617ecc1ebcbf2aba6a5d0e8,,
out/r159/check-ingress.py,archive; may include upstream code and duplicate snapshots,8208,100,100,8e6d8ac7ab3a4c2791404e7153813997cd8119b7526491bc1014800a8e292bdd,,
out/r159/check-lifecycle.py,archive; may include upstream code and duplicate snapshots,6239,54,54,1b1158dc96205c46a7e0a1c6cf1a29b77ca5e9cfdfab405c32548ddcdd1ac5ed,,
out/r159/check-removal.py,archive; may include upstream code and duplicate snapshots,2682,38,38,1382ef603f250697aa90d941658a510750ea728bb292212ccc9989d7cba5339b,,
out/r159/check-reply.py,archive; may include upstream code and duplicate snapshots,2861,45,45,ccba9bb42fb393932d8264da297c4656c9beb9c001e8d7c237a4a722bb038354,,
out/r159/check-station-gate.py,archive; may include upstream code and duplicate snapshots,5101,94,94,8b916d1dff9f9674d91cd4c72bce237b3823cac22df9f05f3e06acc85780bb90,,
out/r159/check-stock-reason.py,archive; may include upstream code and duplicate snapshots,1226,21,21,fbf3e2c56cbef573c86cc72a9cef23ceacccb7160ed294dbaad84eceb7582c91,,
out/r159/encoding.c,archive; may include upstream code and duplicate snapshots,2062,48,48,e1d35fba2b620bacc264649597531cc7ff38cbf1a22daae5a7fe7e63de494a27,,
out/r159/ingress-test.c,archive; may include upstream code and duplicate snapshots,10643,174,170,919f67e1eaf17db4794e98150883a0ab71846b3cc4eddb4fe3728879ff11d4ac,,
out/r159/lifecycle-test.c,archive; may include upstream code and duplicate snapshots,13876,224,218,eb428782c2417ca6422bf6163131a42ae16edb134b18c2dfb68ab285c6b0b2dd,,
out/r159/rebuild.sh,archive; may include upstream code and duplicate snapshots,1810,27,27,cdfd05b3b494e4bb88a71e40576dedb134d3412f9151119f6c3e354e96a76ef9,,
out/r159/removal-test.c,archive; may include upstream code and duplicate snapshots,2886,58,56,a4d7d4c816dd5407bb39509d3d32547a4483a09285299105a756efb0ddad7b1c,,
out/r159/reply-test.c,archive; may include upstream code and duplicate snapshots,3262,60,58,6c606f1e0f262f62338a4a413be4b863cc9683b3bb2044e56db942356f5eae6d,,
out/r159/verify-bidirectional.py,archive; may include upstream code and duplicate snapshots,2359,32,32,265b6352f1004890824c22b0664748e11cb9ba8664526ba2192e00c910b190da,,
out/r159/verify-guard.py,archive; may include upstream code and duplicate snapshots,2344,42,41,390ff32e290227e8d7f3ece7c9fb488fcad3c7964e2041cadcebd14148c7ae22,,
out/r159/verify-handoff.py,archive; may include upstream code and duplicate snapshots,3466,60,58,86d5424c4c358e9c80287454044b557d7ccf5346b4fe906155a0cc25d5ad5fba,,
out/r159/verify-image.py,archive; may include upstream code and duplicate snapshots,6604,142,132,a333633fd1ae45eb198466a301b9d9f8d8de2cb1110802863cb64f08bf22dbe2,,
out/r159/verify-kernel.py,archive; may include upstream code and duplicate snapshots,4358,80,71,89944330f695f076a561451129eeaae11697d767dee8668bf8003d5f39d20d8e,,
out/r159/verify-station.py,archive; may include upstream code and duplicate snapshots,2789,46,46,39e2023b35db212b999643fd029d3758cee2d15be0ab5e60afd6e16a742299eb,,
out/r159/source/160-h3601p-idm-station-lifetime.patch,archive; may include upstream code and duplicate snapshots,1876,51,50,9bfb77ec4a9fc912cdf48fa34e7b91c7533ce0176ae4887e1f9b570afc0844cd,34,0
out/r159/source/zx-idm-wlan.h,archive; may include upstream code and duplicate snapshots,604,15,13,31a6cd042749863663fa747a0cb2965199bc9b8d58141bc9ec2c4384544cc1c3,,
out/r159/source/zx279128s-idm-hw.c,archive; may include upstream code and duplicate snapshots,40297,1193,1148,42cf47119b25e0847af9ab1bfefeb07518927e8d7d431aa486625f9b9f489628,,
out/r159/source/zx279128s-idm-wlan.c,archive; may include upstream code and duplicate snapshots,4902,180,165,4c9b1d9f9553768c9a86f887c95b3fc025a0ac2cf9369a5c8678376eaf680464,,
out/r159/source/zx279128s-idm.c,archive; may include upstream code and duplicate snapshots,5676,214,196,e41298327e6f83118bf4aaa78dadada65c00228563bd3c68669a3a4e30339abb,,
out/r159/source/zx279128s-idm.h,archive; may include upstream code and duplicate snapshots,2072,58,52,4f468554b2873b4b210fc4faeafc522a514782fe8f9e37a9f2a0adf9a889f40c,,
out/r159/source/zx279128s-l3offload.c,archive; may include upstream code and duplicate snapshots,64247,1891,1658,38f8ede92c0f9131f01f1a8c8cc1a25eb3985cfafc17f6b438f9f8c914158eda,,
out/r159/source/zx279128s-l3offload.h,archive; may include upstream code and duplicate snapshots,3259,115,99,eca7e434e33da92675b65ccb9ac02a6ced592339e58a70151ffc5b5377255ad6,,
out/r159/source/zx279128s-tm.c,archive; may include upstream code and duplicate snapshots,78196,2631,2299,ca196d20cbc8281496ed5ab8b56fd7f011f5e193e3ff1b0da0de1944442e731d,,
out/r159/source/zx279128s-tm.h,archive; may include upstream code and duplicate snapshots,1783,88,78,cbc364380557a8df120860888c3cd95c6537777191e8def8fffa976cfaada9b4,,
out/r160/check-ingress.py,archive; may include upstream code and duplicate snapshots,8609,104,104,3ae8905cf5cc83ecdb80963302708ce60a5535891924f96e810284d43c39d0aa,,
out/r160/check-reply.py,archive; may include upstream code and duplicate snapshots,3150,49,49,13bd11eb118ff8aa0e03f1c91746b2ca06cbd53663203a332e159fbbe4c1404e,,
out/r160/implementation-edit.py,archive; may include upstream code and duplicate snapshots,6568,137,135,2cac0e06e07039faf8bdff0e84762c7c5f7612f003280321de42eb6b28507977,,
out/r160/ingress-test.c,archive; may include upstream code and duplicate snapshots,11148,181,177,c6ba2f9d107642d78e53d1593452415dcb73ee6bbe38b7764dc9cad0238e2a67,,
out/r160/rebuild.sh,archive; may include upstream code and duplicate snapshots,1810,27,27,f263ab8d71a361cffefda4a8f0be5494aed155c8bd3536ea45eea70beab448ba,,
out/r160/reply-test.c,archive; may include upstream code and duplicate snapshots,3664,66,64,1f6a9cf76b91e2e864019d35b4ba2e6fca0d18b362ae4f8e9b4f5a99c5a92417,,
out/r160/verify-bidirectional.py,archive; may include upstream code and duplicate snapshots,1616,23,23,eb915c34832ddfa760f4d99187e5d78c72ed5af90dda6e1f48b41611c154066e,,
out/r160/verify-guard.py,archive; may include upstream code and duplicate snapshots,2344,42,41,028ce3697d50a4361ffa3ab2b939b14818111ed16ea0a7b5a970c1ebc41da627,,
out/r160/verify-handoff.py,archive; may include upstream code and duplicate snapshots,3466,60,58,017b67fb1e711ec9adcc86ce2f81622bbb4121da8469c254e25e27d0bbcc8f36,,
out/r160/verify-image.py,archive; may include upstream code and duplicate snapshots,6604,142,132,a333633fd1ae45eb198466a301b9d9f8d8de2cb1110802863cb64f08bf22dbe2,,
out/r160/verify-kernel.py,archive; may include upstream code and duplicate snapshots,4358,80,71,2049804df199d939a6c4a22dd5c8edcaef56b1aeb7949d6ee3c45ce67ce3a7b2,,
out/r160/verify-station.py,archive; may include upstream code and duplicate snapshots,2789,46,46,39e2023b35db212b999643fd029d3758cee2d15be0ab5e60afd6e16a742299eb,,
out/r160/source/160-h3601p-idm-station-lifetime.patch,archive; may include upstream code and duplicate snapshots,1876,51,50,9bfb77ec4a9fc912cdf48fa34e7b91c7533ce0176ae4887e1f9b570afc0844cd,34,0
out/r160/source/zx-idm-wlan.h,archive; may include upstream code and duplicate snapshots,604,15,13,31a6cd042749863663fa747a0cb2965199bc9b8d58141bc9ec2c4384544cc1c3,,
out/r160/source/zx279128s-idm-hw.c,archive; may include upstream code and duplicate snapshots,45161,1316,1269,2cccc32ce26b06b3b4f1fe517825fae8e89c05b65985f9c060cca6f79c2256ba,,
out/r160/source/zx279128s-idm-wlan.c,archive; may include upstream code and duplicate snapshots,4902,180,165,4c9b1d9f9553768c9a86f887c95b3fc025a0ac2cf9369a5c8678376eaf680464,,
out/r160/source/zx279128s-idm.c,archive; may include upstream code and duplicate snapshots,5676,214,196,e41298327e6f83118bf4aaa78dadada65c00228563bd3c68669a3a4e30339abb,,
out/r160/source/zx279128s-idm.h,archive; may include upstream code and duplicate snapshots,2072,58,52,4f468554b2873b4b210fc4faeafc522a514782fe8f9e37a9f2a0adf9a889f40c,,
out/r160/source/zx279128s-l3offload.c,archive; may include upstream code and duplicate snapshots,64247,1891,1658,38f8ede92c0f9131f01f1a8c8cc1a25eb3985cfafc17f6b438f9f8c914158eda,,
out/r160/source/zx279128s-l3offload.h,archive; may include upstream code and duplicate snapshots,3259,115,99,eca7e434e33da92675b65ccb9ac02a6ced592339e58a70151ffc5b5377255ad6,,
out/r160/source/zx279128s-tm.c,archive; may include upstream code and duplicate snapshots,78196,2631,2299,ca196d20cbc8281496ed5ab8b56fd7f011f5e193e3ff1b0da0de1944442e731d,,
out/r160/source/zx279128s-tm.h,archive; may include upstream code and duplicate snapshots,1783,88,78,cbc364380557a8df120860888c3cd95c6537777191e8def8fffa976cfaada9b4,,
out/r161/changes-from-r160.patch,archive; may include upstream code and duplicate snapshots,27730,726,715,a2d6fbb1f6adf0d4d0aee716d06911363a47582f60bb4b66e6a4077e16a7ef06,465,26
out/r161/check-data-lifecycle.py,archive; may include upstream code and duplicate snapshots,6347,77,77,79e03ee4de29426d4f5dec76d815b50333f1dba40c5690f30df95501b24fd7c6,,
out/r161/check-ingress.py,archive; may include upstream code and duplicate snapshots,9718,114,114,f655c035ec623e4ca0c557b6c43568fced7aa833503c15f0ca532bc79819a6c9,,
out/r161/check-nat-resources.py,archive; may include upstream code and duplicate snapshots,5379,77,77,7cfa794db56fcbf4079b84637785a9d10b4321539aef07cdda526242a7047fef,,
out/r161/check-remove.py,archive; may include upstream code and duplicate snapshots,2572,42,42,0cc2eab4d60915894b8d0d53c896df44406808f434e3903591c60088cb01422a,,
out/r161/check-reply.py,archive; may include upstream code and duplicate snapshots,3150,49,49,13bd11eb118ff8aa0e03f1c91746b2ca06cbd53663203a332e159fbbe4c1404e,,
out/r161/data-lifecycle-test.c,archive; may include upstream code and duplicate snapshots,9958,180,176,36baeb19ae7c777b761f41e7708602f1a06d72533162ee4d81b249b2ab8c9318,,
out/r161/edit-nat.py,archive; may include upstream code and duplicate snapshots,8274,197,187,48fca11d5cc25268f419d2043b3cda37a593713fe008ad9c6563e76fa3682766,,
out/r161/ingress-test.c,archive; may include upstream code and duplicate snapshots,12718,205,201,3b671edbea2fd8afa0f2f2dc1153e2fc55eb9ee99a7f7489cd1e84bc91d1fb81,,
out/r161/nat-resources-test.c,archive; may include upstream code and duplicate snapshots,6932,146,137,354d580fb035664a33992042cf5856dff8e558d745736652ecbe1009bc4db403,,
out/r161/rebuild.sh,archive; may include upstream code and duplicate snapshots,2331,34,34,31ba5e6203258cca4ba4812138d590273646deffe0cbabfe21737a313689a28b,,
out/r161/remove-test.c,archive; may include upstream code and duplicate snapshots,3117,68,64,953a7a8bcaeb566b1a9723f2966a88b479ffa831984357f60ee7859670ef6ab5,,
out/r161/reply-test.c,archive; may include upstream code and duplicate snapshots,3664,66,64,1f6a9cf76b91e2e864019d35b4ba2e6fca0d18b362ae4f8e9b4f5a99c5a92417,,
out/r161/verify-bidirectional.py,archive; may include upstream code and duplicate snapshots,1729,26,25,bf4f852daef5c9473fc1adda1f9771414848ef2d3a4c5b540579b2699cb0a7c0,,
out/r161/verify-guard.py,archive; may include upstream code and duplicate snapshots,2344,42,41,d1f6cd3a78d065c89be3e8ba1cb8455b35c9bbfe73e4339504601e37322d7b39,,
out/r161/verify-handoff.py,archive; may include upstream code and duplicate snapshots,3466,60,58,14255bbe7e545d27b8958392212dd2f777406f30c1d0f5ac451b682986ce179d,,
out/r161/verify-image.py,archive; may include upstream code and duplicate snapshots,6604,142,132,a333633fd1ae45eb198466a301b9d9f8d8de2cb1110802863cb64f08bf22dbe2,,
out/r161/verify-kernel.py,archive; may include upstream code and duplicate snapshots,4358,80,71,4ca61d747ecbea657fb256a3f98db702f900cab205b3ce97fe9a48c3894b97de,,
out/r161/verify-station.py,archive; may include upstream code and duplicate snapshots,2789,46,46,39e2023b35db212b999643fd029d3758cee2d15be0ab5e60afd6e16a742299eb,,
out/r161/source/160-h3601p-idm-station-lifetime.patch,archive; may include upstream code and duplicate snapshots,1876,51,50,9bfb77ec4a9fc912cdf48fa34e7b91c7533ce0176ae4887e1f9b570afc0844cd,34,0
out/r161/source/zx-idm-wlan.h,archive; may include upstream code and duplicate snapshots,604,15,13,31a6cd042749863663fa747a0cb2965199bc9b8d58141bc9ec2c4384544cc1c3,,
out/r161/source/zx279128s-idm-hw.c,archive; may include upstream code and duplicate snapshots,47147,1360,1312,972114a849f38c5dffa70faef51e09b4257d5a957bdd572d98cccf958d16a898,,
out/r161/source/zx279128s-idm-wlan.c,archive; may include upstream code and duplicate snapshots,4902,180,165,4c9b1d9f9553768c9a86f887c95b3fc025a0ac2cf9369a5c8678376eaf680464,,
out/r161/source/zx279128s-idm.c,archive; may include upstream code and duplicate snapshots,5676,214,196,e41298327e6f83118bf4aaa78dadada65c00228563bd3c68669a3a4e30339abb,,
out/r161/source/zx279128s-idm.h,archive; may include upstream code and duplicate snapshots,2072,58,52,4f468554b2873b4b210fc4faeafc522a514782fe8f9e37a9f2a0adf9a889f40c,,
out/r161/source/zx279128s-l3offload.c,archive; may include upstream code and duplicate snapshots,71931,2108,1858,204dd66b5c682338e82ad3347a87cc7016900c05e5fbf421bc8b749c774475ce,,
out/r161/source/zx279128s-l3offload.h,archive; may include upstream code and duplicate snapshots,3415,118,102,327c131e44a6a0793727b895cfd728560ef1e87473854b3d1919ba5154d78a9f,,
out/r161/source/zx279128s-tm.c,archive; may include upstream code and duplicate snapshots,78196,2631,2299,ca196d20cbc8281496ed5ab8b56fd7f011f5e193e3ff1b0da0de1944442e731d,,
out/r161/source/zx279128s-tm.h,archive; may include upstream code and duplicate snapshots,1783,88,78,cbc364380557a8df120860888c3cd95c6537777191e8def8fffa976cfaada9b4,,
out/r161/source/zx279128s-wlan-flow.c,archive; may include upstream code and duplicate snapshots,4952,143,135,e8d7e250244573681e8d1fc217e7f406d8ac4ae3f5dc0e761ebd54d7d852a4d0,,
out/r161/source/zx279128s-wlan-flow.h,archive; may include upstream code and duplicate snapshots,1109,30,29,14e0077e1a83020427c678663b17cba8e2256ec17d467c3895758ad7c0317f8c,,
out/r162/changes-from-r161.patch,archive; may include upstream code and duplicate snapshots,26834,709,700,8f23d0e3c44248e88913726c27364ceddc39c009e887044f6349d5ad36251fb9,562,12
out/r162/check-control.py,archive; may include upstream code and duplicate snapshots,3977,53,53,d4563f77e92e82c0f659b2c28607f4db8f9682edf82137707bb8e231f2988eb6,,
out/r162/check-data-lifecycle.py,archive; may include upstream code and duplicate snapshots,6347,77,77,79e03ee4de29426d4f5dec76d815b50333f1dba40c5690f30df95501b24fd7c6,,
out/r162/check-hardware.py,archive; may include upstream code and duplicate snapshots,5711,62,62,f1d960ac961322f561342dcaed9e74ac79b475013dcd18a51df9094065b897ce,,
out/r162/check-ingress.py,archive; may include upstream code and duplicate snapshots,9718,114,114,f655c035ec623e4ca0c557b6c43568fced7aa833503c15f0ca532bc79819a6c9,,
out/r162/check-lifetime.py,archive; may include upstream code and duplicate snapshots,6729,73,73,f667d4b9177f11bb7f5cbaa94304a73049644e4de1fec5e6ebf158de42d83c49,,
out/r162/check-nat-resources.py,archive; may include upstream code and duplicate snapshots,5379,77,77,7cfa794db56fcbf4079b84637785a9d10b4321539aef07cdda526242a7047fef,,
out/r162/check-receive.py,archive; may include upstream code and duplicate snapshots,8952,113,113,855d59950b426fdd6a2ed083db2bb406186244b23900dc75f5e5cc53f5ffb31b,,
out/r162/check-remove.py,archive; may include upstream code and duplicate snapshots,2572,42,42,0cc2eab4d60915894b8d0d53c896df44406808f434e3903591c60088cb01422a,,
out/r162/check-reply.py,archive; may include upstream code and duplicate snapshots,3150,49,49,13bd11eb118ff8aa0e03f1c91746b2ca06cbd53663203a332e159fbbe4c1404e,,
out/r162/control-test.c,archive; may include upstream code and duplicate snapshots,4851,88,85,898ca39bcfd323117f35210aff12e4a64de074e82a1dbde36066bf9e2ce2aa59,,
out/r162/data-lifecycle-test.c,archive; may include upstream code and duplicate snapshots,9958,180,176,36baeb19ae7c777b761f41e7708602f1a06d72533162ee4d81b249b2ab8c9318,,
out/r162/edit-dispatch.py,archive; may include upstream code and duplicate snapshots,3249,62,58,8ed5e12b2cbd6a8680f45b242a5aab1d410d432777cf5dd13e0b436e97f3f67e,,
out/r162/edit-hardware.py,archive; may include upstream code and duplicate snapshots,5066,111,107,97bb25141069ec0d44175d291ec4af83a75ea10cacccd4af5dfb7db26612a0db,,
out/r162/hardware-test.c,archive; may include upstream code and duplicate snapshots,9466,188,177,338bd27015ef7ce1c9f4dcf1537508d0cb09a684dbfd24e403dcac6958b0f83c,,
out/r162/ingress-test.c,archive; may include upstream code and duplicate snapshots,12718,205,201,3b671edbea2fd8afa0f2f2dc1153e2fc55eb9ee99a7f7489cd1e84bc91d1fb81,,
out/r162/lifetime-test.c,archive; may include upstream code and duplicate snapshots,10570,210,199,1c47fc631471d5cea028c050b9a0b3a3c17b9d18fd79a379865a06eb482267bc,,
out/r162/nat-resources-test.c,archive; may include upstream code and duplicate snapshots,6932,146,137,354d580fb035664a33992042cf5856dff8e558d745736652ecbe1009bc4db403,,
out/r162/rebuild.sh,archive; may include upstream code and duplicate snapshots,2607,38,38,159d9acd3fc6bb81f9653ee4a68e1dcad1b05b81bc17a27406c17f185a22cea7,,
out/r162/receive-test.c,archive; may include upstream code and duplicate snapshots,12878,237,228,431c4ccf1b3423b09d7a8f71644dfcb4253b1b3fdb7b40e0eba5dac59b51a5f2,,
out/r162/remove-test.c,archive; may include upstream code and duplicate snapshots,3117,68,64,953a7a8bcaeb566b1a9723f2966a88b479ffa831984357f60ee7859670ef6ab5,,
out/r162/reply-test.c,archive; may include upstream code and duplicate snapshots,3664,66,64,1f6a9cf76b91e2e864019d35b4ba2e6fca0d18b362ae4f8e9b4f5a99c5a92417,,
out/r162/verify-bidirectional.py,archive; may include upstream code and duplicate snapshots,1904,28,26,42d5cc2c539962089ab868f86b806318c42b174ffc82ff7861f6456ebb9b67df,,
out/r162/verify-guard.py,archive; may include upstream code and duplicate snapshots,2344,42,41,5d2502e8b3726543b8220dba8c2068675dbadf4adab86724235a934280d31015,,
out/r162/verify-handoff.py,archive; may include upstream code and duplicate snapshots,3466,60,58,14255bbe7e545d27b8958392212dd2f777406f30c1d0f5ac451b682986ce179d,,
out/r162/verify-image.py,archive; may include upstream code and duplicate snapshots,6604,142,132,a333633fd1ae45eb198466a301b9d9f8d8de2cb1110802863cb64f08bf22dbe2,,
out/r162/verify-kernel.py,archive; may include upstream code and duplicate snapshots,4538,83,73,8cf38770e3bfdc3f517f8bb707cf439539f9c74268982fac5dca98d34986a0c8,,
out/r162/verify-station.py,archive; may include upstream code and duplicate snapshots,2829,46,46,7cd15ac1309c61ba7fd076362703daef32889de63dc29e6b11ec0e53eb0eb238,,
out/r162/source/160-h3601p-idm-station-lifetime.patch,archive; may include upstream code and duplicate snapshots,1876,51,50,9bfb77ec4a9fc912cdf48fa34e7b91c7533ce0176ae4887e1f9b570afc0844cd,34,0
out/r162/source/zx-idm-wlan.h,archive; may include upstream code and duplicate snapshots,604,15,13,31a6cd042749863663fa747a0cb2965199bc9b8d58141bc9ec2c4384544cc1c3,,
out/r162/source/zx279128s-idm-hw.c,archive; may include upstream code and duplicate snapshots,48201,1397,1344,eca33b57afd661af9753917a1ca8b92b479acc4eaa351d1d675fec38ea942c25,,
out/r162/source/zx279128s-idm-wlan.c,archive; may include upstream code and duplicate snapshots,4902,180,165,4c9b1d9f9553768c9a86f887c95b3fc025a0ac2cf9369a5c8678376eaf680464,,
out/r162/source/zx279128s-idm.c,archive; may include upstream code and duplicate snapshots,5676,214,196,e41298327e6f83118bf4aaa78dadada65c00228563bd3c68669a3a4e30339abb,,
out/r162/source/zx279128s-idm.h,archive; may include upstream code and duplicate snapshots,2072,58,52,4f468554b2873b4b210fc4faeafc522a514782fe8f9e37a9f2a0adf9a889f40c,,
out/r162/source/zx279128s-l3offload.c,archive; may include upstream code and duplicate snapshots,76209,2214,1960,c4aa4ed8c0d9b1152ec7a89ed391d086ec4fbe06867af11231c1d06648be34a9,,
out/r162/source/zx279128s-l3offload.h,archive; may include upstream code and duplicate snapshots,3415,118,102,327c131e44a6a0793727b895cfd728560ef1e87473854b3d1919ba5154d78a9f,,
out/r162/source/zx279128s-tm.c,archive; may include upstream code and duplicate snapshots,78196,2631,2299,ca196d20cbc8281496ed5ab8b56fd7f011f5e193e3ff1b0da0de1944442e731d,,
out/r162/source/zx279128s-tm.h,archive; may include upstream code and duplicate snapshots,1783,88,78,cbc364380557a8df120860888c3cd95c6537777191e8def8fffa976cfaada9b4,,
out/r162/source/zx279128s-wlan-fast.c,archive; may include upstream code and duplicate snapshots,13591,362,344,755c5360f380993fe20d840c950f15cd105791232580f91b11d200d079efa6a6,,
out/r162/source/zx279128s-wlan-fast.h,archive; may include upstream code and duplicate snapshots,718,19,19,0a03d6890ba8316efd540556ab81c4d69584c225a7e061bef8267b6d109d4c7f,,
out/r162/source/zx279128s-wlan-flow.c,archive; may include upstream code and duplicate snapshots,4952,143,135,e8d7e250244573681e8d1fc217e7f406d8ac4ae3f5dc0e761ebd54d7d852a4d0,,
out/r162/source/zx279128s-wlan-flow.h,archive; may include upstream code and duplicate snapshots,1109,30,29,14e0077e1a83020427c678663b17cba8e2256ec17d467c3895758ad7c0317f8c,,
out/r163/changes-from-r162.patch,archive; may include upstream code and duplicate snapshots,11111,257,247,2b1df195a089308c24c2e1179af9fb11dab3bde98892a53a1b9acba2d4b797b7,94,31
out/r163/check-control.py,archive; may include upstream code and duplicate snapshots,3977,53,53,d4563f77e92e82c0f659b2c28607f4db8f9682edf82137707bb8e231f2988eb6,,
out/r163/check-data-lifecycle.py,archive; may include upstream code and duplicate snapshots,6347,77,77,79e03ee4de29426d4f5dec76d815b50333f1dba40c5690f30df95501b24fd7c6,,
out/r163/check-hardware.py,archive; may include upstream code and duplicate snapshots,5711,62,62,f1d960ac961322f561342dcaed9e74ac79b475013dcd18a51df9094065b897ce,,
out/r163/check-ingress.py,archive; may include upstream code and duplicate snapshots,9718,114,114,f655c035ec623e4ca0c557b6c43568fced7aa833503c15f0ca532bc79819a6c9,,
out/r163/check-lifetime.py,archive; may include upstream code and duplicate snapshots,7849,78,78,7b38befdefc2ded2a2884eb5391957d39e36e8f10ecc38e3aeaf6c21940350ec,,
out/r163/check-nat-resources.py,archive; may include upstream code and duplicate snapshots,5379,77,77,7cfa794db56fcbf4079b84637785a9d10b4321539aef07cdda526242a7047fef,,
out/r163/check-receive.py,archive; may include upstream code and duplicate snapshots,9038,113,113,a8c61f5520990bf3c63a137c6c755123d02b6d60deb0b92499ff70149a56ef47,,
out/r163/check-remove.py,archive; may include upstream code and duplicate snapshots,2572,42,42,0cc2eab4d60915894b8d0d53c896df44406808f434e3903591c60088cb01422a,,
out/r163/check-reply.py,archive; may include upstream code and duplicate snapshots,3150,49,49,13bd11eb118ff8aa0e03f1c91746b2ca06cbd53663203a332e159fbbe4c1404e,,
out/r163/check-validity.py,archive; may include upstream code and duplicate snapshots,3672,46,46,ed44bd560214d6b81850947cd0bde1df36df81ad4e518d3a1bdea401121f5e25,,
out/r163/control-test.c,archive; may include upstream code and duplicate snapshots,4851,88,85,898ca39bcfd323117f35210aff12e4a64de074e82a1dbde36066bf9e2ce2aa59,,
out/r163/data-lifecycle-test.c,archive; may include upstream code and duplicate snapshots,9958,180,176,36baeb19ae7c777b761f41e7708602f1a06d72533162ee4d81b249b2ab8c9318,,
out/r163/edit-dispatch.py,archive; may include upstream code and duplicate snapshots,3249,62,58,8ed5e12b2cbd6a8680f45b242a5aab1d410d432777cf5dd13e0b436e97f3f67e,,
out/r163/edit-hardware.py,archive; may include upstream code and duplicate snapshots,5066,111,107,97bb25141069ec0d44175d291ec4af83a75ea10cacccd4af5dfb7db26612a0db,,
out/r163/hardware-test.c,archive; may include upstream code and duplicate snapshots,9466,188,177,338bd27015ef7ce1c9f4dcf1537508d0cb09a684dbfd24e403dcac6958b0f83c,,
out/r163/ingress-test.c,archive; may include upstream code and duplicate snapshots,12718,205,201,3b671edbea2fd8afa0f2f2dc1153e2fc55eb9ee99a7f7489cd1e84bc91d1fb81,,
out/r163/lifetime-test.c,archive; may include upstream code and duplicate snapshots,13905,268,256,7b616f6618b463a1a36099fd3bbc3f62d8cd3ecf8beba7443b212451f589d4ce,,
out/r163/nat-resources-test.c,archive; may include upstream code and duplicate snapshots,6932,146,137,354d580fb035664a33992042cf5856dff8e558d745736652ecbe1009bc4db403,,
out/r163/rebuild.sh,archive; may include upstream code and duplicate snapshots,2677,39,39,cd400726e7e361d1105c73eccb8f5006e2e5e71008b8f7ccbcc1c66c036cd5d7,,
out/r163/receive-test.c,archive; may include upstream code and duplicate snapshots,13329,247,238,cdafdb350bf94d97d5cf5eb12233570c16ec1aa44ea217d9b50d39792b33628e,,
out/r163/remove-test.c,archive; may include upstream code and duplicate snapshots,3117,68,64,953a7a8bcaeb566b1a9723f2966a88b479ffa831984357f60ee7859670ef6ab5,,
out/r163/reply-test.c,archive; may include upstream code and duplicate snapshots,3664,66,64,1f6a9cf76b91e2e864019d35b4ba2e6fca0d18b362ae4f8e9b4f5a99c5a92417,,
out/r163/validity-test.c,archive; may include upstream code and duplicate snapshots,4406,60,57,dd54987f98a8205614ec662b54f002a444024826a6d6be212d4fdd6d1a594529,,
out/r163/verify-bidirectional.py,archive; may include upstream code and duplicate snapshots,1904,28,26,42d5cc2c539962089ab868f86b806318c42b174ffc82ff7861f6456ebb9b67df,,
out/r163/verify-guard.py,archive; may include upstream code and duplicate snapshots,2344,42,41,21319c68a5b612345778e27e11fd7e6d6b80490086559c37402f7040f91a4233,,
out/r163/verify-handoff.py,archive; may include upstream code and duplicate snapshots,3466,60,58,14255bbe7e545d27b8958392212dd2f777406f30c1d0f5ac451b682986ce179d,,
out/r163/verify-image.py,archive; may include upstream code and duplicate snapshots,6604,142,132,a333633fd1ae45eb198466a301b9d9f8d8de2cb1110802863cb64f08bf22dbe2,,
out/r163/verify-kernel.py,archive; may include upstream code and duplicate snapshots,4538,83,73,8cf38770e3bfdc3f517f8bb707cf439539f9c74268982fac5dca98d34986a0c8,,
out/r163/verify-station.py,archive; may include upstream code and duplicate snapshots,2829,46,46,7cd15ac1309c61ba7fd076362703daef32889de63dc29e6b11ec0e53eb0eb238,,
out/r163/source/160-h3601p-idm-station-lifetime.patch,archive; may include upstream code and duplicate snapshots,1876,51,50,9bfb77ec4a9fc912cdf48fa34e7b91c7533ce0176ae4887e1f9b570afc0844cd,34,0
out/r163/source/zx-idm-wlan.h,archive; may include upstream code and duplicate snapshots,604,15,13,31a6cd042749863663fa747a0cb2965199bc9b8d58141bc9ec2c4384544cc1c3,,
out/r163/source/zx279128s-idm-hw.c,archive; may include upstream code and duplicate snapshots,48201,1397,1344,eca33b57afd661af9753917a1ca8b92b479acc4eaa351d1d675fec38ea942c25,,
out/r163/source/zx279128s-idm-wlan.c,archive; may include upstream code and duplicate snapshots,4902,180,165,4c9b1d9f9553768c9a86f887c95b3fc025a0ac2cf9369a5c8678376eaf680464,,
out/r163/source/zx279128s-idm.c,archive; may include upstream code and duplicate snapshots,5676,214,196,e41298327e6f83118bf4aaa78dadada65c00228563bd3c68669a3a4e30339abb,,
out/r163/source/zx279128s-idm.h,archive; may include upstream code and duplicate snapshots,2072,58,52,4f468554b2873b4b210fc4faeafc522a514782fe8f9e37a9f2a0adf9a889f40c,,
out/r163/source/zx279128s-l3offload.c,archive; may include upstream code and duplicate snapshots,76230,2214,1960,007936957335d0d26f1c1f68e1ee3963237c0fb6c57dc77d9ef23c454b007620,,
out/r163/source/zx279128s-l3offload.h,archive; may include upstream code and duplicate snapshots,3415,118,102,327c131e44a6a0793727b895cfd728560ef1e87473854b3d1919ba5154d78a9f,,
out/r163/source/zx279128s-tm.c,archive; may include upstream code and duplicate snapshots,78196,2631,2299,ca196d20cbc8281496ed5ab8b56fd7f011f5e193e3ff1b0da0de1944442e731d,,
out/r163/source/zx279128s-tm.h,archive; may include upstream code and duplicate snapshots,1783,88,78,cbc364380557a8df120860888c3cd95c6537777191e8def8fffa976cfaada9b4,,
out/r163/source/zx279128s-wlan-fast.c,archive; may include upstream code and duplicate snapshots,16302,425,406,9c87f2279704c4505710d680f9619428a924c3a056dba57369fe2bc45e6dd862,,
out/r163/source/zx279128s-wlan-fast.h,archive; may include upstream code and duplicate snapshots,745,19,19,b822140923201cd6a5a95ef74945a5840c0bfa204997892a81384d28eab57116,,
out/r163/source/zx279128s-wlan-flow.c,archive; may include upstream code and duplicate snapshots,4952,143,135,e8d7e250244573681e8d1fc217e7f406d8ac4ae3f5dc0e761ebd54d7d852a4d0,,
out/r163/source/zx279128s-wlan-flow.h,archive; may include upstream code and duplicate snapshots,1109,30,29,14e0077e1a83020427c678663b17cba8e2256ec17d467c3895758ad7c0317f8c,,
out/r164/changes-from-r163.patch,archive; may include upstream code and duplicate snapshots,6158,128,127,ceb200f283c9a2e4cf503b23f42fc311c7c417c4eb1b4ce503deaa5a8d922284,57,19
out/r164/check-control.py,archive; may include upstream code and duplicate snapshots,3977,53,53,d4563f77e92e82c0f659b2c28607f4db8f9682edf82137707bb8e231f2988eb6,,
out/r164/check-data-lifecycle.py,archive; may include upstream code and duplicate snapshots,6347,77,77,79e03ee4de29426d4f5dec76d815b50333f1dba40c5690f30df95501b24fd7c6,,
out/r164/check-hardware.py,archive; may include upstream code and duplicate snapshots,5711,62,62,f1d960ac961322f561342dcaed9e74ac79b475013dcd18a51df9094065b897ce,,
out/r164/check-ingress.py,archive; may include upstream code and duplicate snapshots,9718,114,114,f655c035ec623e4ca0c557b6c43568fced7aa833503c15f0ca532bc79819a6c9,,
out/r164/check-lifetime.py,archive; may include upstream code and duplicate snapshots,7849,78,78,7b38befdefc2ded2a2884eb5391957d39e36e8f10ecc38e3aeaf6c21940350ec,,
out/r164/check-nat-resources.py,archive; may include upstream code and duplicate snapshots,5379,77,77,7cfa794db56fcbf4079b84637785a9d10b4321539aef07cdda526242a7047fef,,
out/r164/check-receive.py,archive; may include upstream code and duplicate snapshots,10309,118,118,3d6fbef7cafb2770feb844a4f5456746a4a82df2f41ecda03b7eb47530b3f13b,,
out/r164/check-remove.py,archive; may include upstream code and duplicate snapshots,2572,42,42,0cc2eab4d60915894b8d0d53c896df44406808f434e3903591c60088cb01422a,,
out/r164/check-reply.py,archive; may include upstream code and duplicate snapshots,3150,49,49,13bd11eb118ff8aa0e03f1c91746b2ca06cbd53663203a332e159fbbe4c1404e,,
out/r164/check-validity.py,archive; may include upstream code and duplicate snapshots,3672,46,46,ed44bd560214d6b81850947cd0bde1df36df81ad4e518d3a1bdea401121f5e25,,
out/r164/control-test.c,archive; may include upstream code and duplicate snapshots,4851,88,85,898ca39bcfd323117f35210aff12e4a64de074e82a1dbde36066bf9e2ce2aa59,,
out/r164/data-lifecycle-test.c,archive; may include upstream code and duplicate snapshots,9958,180,176,36baeb19ae7c777b761f41e7708602f1a06d72533162ee4d81b249b2ab8c9318,,
out/r164/edit-dispatch.py,archive; may include upstream code and duplicate snapshots,3249,62,58,8ed5e12b2cbd6a8680f45b242a5aab1d410d432777cf5dd13e0b436e97f3f67e,,
out/r164/edit-hardware.py,archive; may include upstream code and duplicate snapshots,5066,111,107,97bb25141069ec0d44175d291ec4af83a75ea10cacccd4af5dfb7db26612a0db,,
out/r164/hardware-test.c,archive; may include upstream code and duplicate snapshots,9466,188,177,338bd27015ef7ce1c9f4dcf1537508d0cb09a684dbfd24e403dcac6958b0f83c,,
out/r164/ingress-test.c,archive; may include upstream code and duplicate snapshots,12718,205,201,3b671edbea2fd8afa0f2f2dc1153e2fc55eb9ee99a7f7489cd1e84bc91d1fb81,,
out/r164/lifetime-test.c,archive; may include upstream code and duplicate snapshots,14342,277,265,fdc9ecc424627a80285cf0a9dcb3ad7953ce35ce2ec43ed9595eec3ee980c04f,,
out/r164/nat-resources-test.c,archive; may include upstream code and duplicate snapshots,6932,146,137,354d580fb035664a33992042cf5856dff8e558d745736652ecbe1009bc4db403,,
out/r164/rebuild.sh,archive; may include upstream code and duplicate snapshots,2677,39,39,b9bda3fee965ac919055b50b597b0c84ffe5a76bb5111cd530fb400ee4353985,,
out/r164/receive-test.c,archive; may include upstream code and duplicate snapshots,15973,279,270,9a98f38184891d0ef831d8cde33e130198335b7e5edb9b13d5c74097eb9b4466,,
out/r164/remove-test.c,archive; may include upstream code and duplicate snapshots,3117,68,64,953a7a8bcaeb566b1a9723f2966a88b479ffa831984357f60ee7859670ef6ab5,,
out/r164/reply-test.c,archive; may include upstream code and duplicate snapshots,3664,66,64,1f6a9cf76b91e2e864019d35b4ba2e6fca0d18b362ae4f8e9b4f5a99c5a92417,,
out/r164/validity-test.c,archive; may include upstream code and duplicate snapshots,4609,63,60,6579acedccb574a6c9d5614b5a2cecc053e66be344ce18596b1952a295b9bcc0,,
out/r164/verify-bidirectional.py,archive; may include upstream code and duplicate snapshots,1904,28,26,42d5cc2c539962089ab868f86b806318c42b174ffc82ff7861f6456ebb9b67df,,
out/r164/verify-guard.py,archive; may include upstream code and duplicate snapshots,2344,42,41,a523626463d2386659f6bd1fa8ae03b3b4ac8cf1221ba034cdaebd51fc0a2669,,
out/r164/verify-handoff.py,archive; may include upstream code and duplicate snapshots,3466,60,58,14255bbe7e545d27b8958392212dd2f777406f30c1d0f5ac451b682986ce179d,,
out/r164/verify-image.py,archive; may include upstream code and duplicate snapshots,6604,142,132,a333633fd1ae45eb198466a301b9d9f8d8de2cb1110802863cb64f08bf22dbe2,,
out/r164/verify-kernel.py,archive; may include upstream code and duplicate snapshots,4538,83,73,8cf38770e3bfdc3f517f8bb707cf439539f9c74268982fac5dca98d34986a0c8,,
out/r164/verify-station.py,archive; may include upstream code and duplicate snapshots,2829,46,46,7cd15ac1309c61ba7fd076362703daef32889de63dc29e6b11ec0e53eb0eb238,,
out/r164/source/160-h3601p-idm-station-lifetime.patch,archive; may include upstream code and duplicate snapshots,1876,51,50,9bfb77ec4a9fc912cdf48fa34e7b91c7533ce0176ae4887e1f9b570afc0844cd,34,0
out/r164/source/zx-idm-wlan.h,archive; may include upstream code and duplicate snapshots,604,15,13,31a6cd042749863663fa747a0cb2965199bc9b8d58141bc9ec2c4384544cc1c3,,
out/r164/source/zx279128s-idm-hw.c,archive; may include upstream code and duplicate snapshots,48201,1397,1344,eca33b57afd661af9753917a1ca8b92b479acc4eaa351d1d675fec38ea942c25,,
out/r164/source/zx279128s-idm-wlan.c,archive; may include upstream code and duplicate snapshots,4902,180,165,4c9b1d9f9553768c9a86f887c95b3fc025a0ac2cf9369a5c8678376eaf680464,,
out/r164/source/zx279128s-idm.c,archive; may include upstream code and duplicate snapshots,5676,214,196,e41298327e6f83118bf4aaa78dadada65c00228563bd3c68669a3a4e30339abb,,
out/r164/source/zx279128s-idm.h,archive; may include upstream code and duplicate snapshots,2072,58,52,4f468554b2873b4b210fc4faeafc522a514782fe8f9e37a9f2a0adf9a889f40c,,
out/r164/source/zx279128s-l3offload.c,archive; may include upstream code and duplicate snapshots,76230,2214,1960,007936957335d0d26f1c1f68e1ee3963237c0fb6c57dc77d9ef23c454b007620,,
out/r164/source/zx279128s-l3offload.h,archive; may include upstream code and duplicate snapshots,3415,118,102,327c131e44a6a0793727b895cfd728560ef1e87473854b3d1919ba5154d78a9f,,
out/r164/source/zx279128s-tm.c,archive; may include upstream code and duplicate snapshots,78196,2631,2299,ca196d20cbc8281496ed5ab8b56fd7f011f5e193e3ff1b0da0de1944442e731d,,
out/r164/source/zx279128s-tm.h,archive; may include upstream code and duplicate snapshots,1783,88,78,cbc364380557a8df120860888c3cd95c6537777191e8def8fffa976cfaada9b4,,
out/r164/source/zx279128s-wlan-fast.c,archive; may include upstream code and duplicate snapshots,18359,463,444,c0727301ada45b81c0069a1345565a2c24b26517a3217299cc02d35d7de6af15,,
out/r164/source/zx279128s-wlan-fast.h,archive; may include upstream code and duplicate snapshots,745,19,19,b822140923201cd6a5a95ef74945a5840c0bfa204997892a81384d28eab57116,,
out/r164/source/zx279128s-wlan-flow.c,archive; may include upstream code and duplicate snapshots,4952,143,135,e8d7e250244573681e8d1fc217e7f406d8ac4ae3f5dc0e761ebd54d7d852a4d0,,
out/r164/source/zx279128s-wlan-flow.h,archive; may include upstream code and duplicate snapshots,1109,30,29,14e0077e1a83020427c678663b17cba8e2256ec17d467c3895758ad7c0317f8c,,
out/r165/changes-from-r164.patch,archive; may include upstream code and duplicate snapshots,3095,65,64,265f767679f5044e247912e3b4f790c38b518d512791aa6ad911ff64e95f88ca,22,10
out/r165/check-control.py,archive; may include upstream code and duplicate snapshots,3977,53,53,d4563f77e92e82c0f659b2c28607f4db8f9682edf82137707bb8e231f2988eb6,,
out/r165/check-data-lifecycle.py,archive; may include upstream code and duplicate snapshots,6347,77,77,79e03ee4de29426d4f5dec76d815b50333f1dba40c5690f30df95501b24fd7c6,,
out/r165/check-hardware.py,archive; may include upstream code and duplicate snapshots,5711,62,62,f1d960ac961322f561342dcaed9e74ac79b475013dcd18a51df9094065b897ce,,
out/r165/check-ingress.py,archive; may include upstream code and duplicate snapshots,9718,114,114,f655c035ec623e4ca0c557b6c43568fced7aa833503c15f0ca532bc79819a6c9,,
out/r165/check-lifetime.py,archive; may include upstream code and duplicate snapshots,7849,78,78,7b38befdefc2ded2a2884eb5391957d39e36e8f10ecc38e3aeaf6c21940350ec,,
out/r165/check-nat-resources.py,archive; may include upstream code and duplicate snapshots,5379,77,77,7cfa794db56fcbf4079b84637785a9d10b4321539aef07cdda526242a7047fef,,
out/r165/check-receive.py,archive; may include upstream code and duplicate snapshots,10721,123,123,3b1aea1224588895becd966d1603e2ce5f1e85d4ac7b0ac7ad814e77997ef1f9,,
out/r165/check-remove.py,archive; may include upstream code and duplicate snapshots,2572,42,42,0cc2eab4d60915894b8d0d53c896df44406808f434e3903591c60088cb01422a,,
out/r165/check-reply.py,archive; may include upstream code and duplicate snapshots,3150,49,49,13bd11eb118ff8aa0e03f1c91746b2ca06cbd53663203a332e159fbbe4c1404e,,
out/r165/check-validity.py,archive; may include upstream code and duplicate snapshots,3672,46,46,ed44bd560214d6b81850947cd0bde1df36df81ad4e518d3a1bdea401121f5e25,,
out/r165/control-test.c,archive; may include upstream code and duplicate snapshots,4851,88,85,898ca39bcfd323117f35210aff12e4a64de074e82a1dbde36066bf9e2ce2aa59,,
out/r165/data-lifecycle-test.c,archive; may include upstream code and duplicate snapshots,9958,180,176,36baeb19ae7c777b761f41e7708602f1a06d72533162ee4d81b249b2ab8c9318,,
out/r165/edit-dispatch.py,archive; may include upstream code and duplicate snapshots,3249,62,58,8ed5e12b2cbd6a8680f45b242a5aab1d410d432777cf5dd13e0b436e97f3f67e,,
out/r165/edit-hardware.py,archive; may include upstream code and duplicate snapshots,5066,111,107,97bb25141069ec0d44175d291ec4af83a75ea10cacccd4af5dfb7db26612a0db,,
out/r165/hardware-test.c,archive; may include upstream code and duplicate snapshots,9466,188,177,338bd27015ef7ce1c9f4dcf1537508d0cb09a684dbfd24e403dcac6958b0f83c,,
out/r165/ingress-test.c,archive; may include upstream code and duplicate snapshots,12718,205,201,3b671edbea2fd8afa0f2f2dc1153e2fc55eb9ee99a7f7489cd1e84bc91d1fb81,,
out/r165/lifetime-test.c,archive; may include upstream code and duplicate snapshots,14363,277,265,0d30c121fcbdcb774cecd3dfce4d18cd59f20c7fada52658e533e25dfa575629,,
out/r165/nat-resources-test.c,archive; may include upstream code and duplicate snapshots,6932,146,137,354d580fb035664a33992042cf5856dff8e558d745736652ecbe1009bc4db403,,
out/r165/rebuild.sh,archive; may include upstream code and duplicate snapshots,2677,39,39,8c6e90d347656a3d557740690b7fa8ca95fd03569a4c3d210e8b9bf7d67c99ab,,
out/r165/receive-test.c,archive; may include upstream code and duplicate snapshots,16815,294,285,664d59bde5e7051a86babfc8669f550df86eb855996d172f653bbf39c9a1f5f8,,
out/r165/remove-test.c,archive; may include upstream code and duplicate snapshots,3117,68,64,953a7a8bcaeb566b1a9723f2966a88b479ffa831984357f60ee7859670ef6ab5,,
out/r165/reply-test.c,archive; may include upstream code and duplicate snapshots,3664,66,64,1f6a9cf76b91e2e864019d35b4ba2e6fca0d18b362ae4f8e9b4f5a99c5a92417,,
out/r165/validity-test.c,archive; may include upstream code and duplicate snapshots,4609,63,60,6579acedccb574a6c9d5614b5a2cecc053e66be344ce18596b1952a295b9bcc0,,
out/r165/verify-bidirectional.py,archive; may include upstream code and duplicate snapshots,1904,28,26,42d5cc2c539962089ab868f86b806318c42b174ffc82ff7861f6456ebb9b67df,,
out/r165/verify-guard.py,archive; may include upstream code and duplicate snapshots,2344,42,41,6e6f3c3b415fb4b23bbdf6be06a38b256d546f4ccf3b22bd4852bffdfd649e5f,,
out/r165/verify-handoff.py,archive; may include upstream code and duplicate snapshots,3466,60,58,14255bbe7e545d27b8958392212dd2f777406f30c1d0f5ac451b682986ce179d,,
out/r165/verify-image.py,archive; may include upstream code and duplicate snapshots,6604,142,132,a333633fd1ae45eb198466a301b9d9f8d8de2cb1110802863cb64f08bf22dbe2,,
out/r165/verify-kernel.py,archive; may include upstream code and duplicate snapshots,4538,83,73,8cf38770e3bfdc3f517f8bb707cf439539f9c74268982fac5dca98d34986a0c8,,
out/r165/verify-station.py,archive; may include upstream code and duplicate snapshots,2829,46,46,7cd15ac1309c61ba7fd076362703daef32889de63dc29e6b11ec0e53eb0eb238,,
out/r165/source/160-h3601p-idm-station-lifetime.patch,archive; may include upstream code and duplicate snapshots,1876,51,50,9bfb77ec4a9fc912cdf48fa34e7b91c7533ce0176ae4887e1f9b570afc0844cd,34,0
out/r165/source/zx-idm-wlan.h,archive; may include upstream code and duplicate snapshots,604,15,13,31a6cd042749863663fa747a0cb2965199bc9b8d58141bc9ec2c4384544cc1c3,,
out/r165/source/zx279128s-idm-hw.c,archive; may include upstream code and duplicate snapshots,48201,1397,1344,eca33b57afd661af9753917a1ca8b92b479acc4eaa351d1d675fec38ea942c25,,
out/r165/source/zx279128s-idm-wlan.c,archive; may include upstream code and duplicate snapshots,4902,180,165,4c9b1d9f9553768c9a86f887c95b3fc025a0ac2cf9369a5c8678376eaf680464,,
out/r165/source/zx279128s-idm.c,archive; may include upstream code and duplicate snapshots,5676,214,196,e41298327e6f83118bf4aaa78dadada65c00228563bd3c68669a3a4e30339abb,,
out/r165/source/zx279128s-idm.h,archive; may include upstream code and duplicate snapshots,2072,58,52,4f468554b2873b4b210fc4faeafc522a514782fe8f9e37a9f2a0adf9a889f40c,,
out/r165/source/zx279128s-l3offload.c,archive; may include upstream code and duplicate snapshots,76230,2214,1960,007936957335d0d26f1c1f68e1ee3963237c0fb6c57dc77d9ef23c454b007620,,
out/r165/source/zx279128s-l3offload.h,archive; may include upstream code and duplicate snapshots,3415,118,102,327c131e44a6a0793727b895cfd728560ef1e87473854b3d1919ba5154d78a9f,,
out/r165/source/zx279128s-tm.c,archive; may include upstream code and duplicate snapshots,78196,2631,2299,ca196d20cbc8281496ed5ab8b56fd7f011f5e193e3ff1b0da0de1944442e731d,,
out/r165/source/zx279128s-tm.h,archive; may include upstream code and duplicate snapshots,1783,88,78,cbc364380557a8df120860888c3cd95c6537777191e8def8fffa976cfaada9b4,,
out/r165/source/zx279128s-wlan-fast.c,archive; may include upstream code and duplicate snapshots,18883,475,456,bbdd0af3785f71eb5e010ef77e598656ddbe6cfeb885fb754a4a4e2f6362ae36,,
out/r165/source/zx279128s-wlan-fast.h,archive; may include upstream code and duplicate snapshots,745,19,19,b822140923201cd6a5a95ef74945a5840c0bfa204997892a81384d28eab57116,,
out/r165/source/zx279128s-wlan-flow.c,archive; may include upstream code and duplicate snapshots,4952,143,135,e8d7e250244573681e8d1fc217e7f406d8ac4ae3f5dc0e761ebd54d7d852a4d0,,
out/r165/source/zx279128s-wlan-flow.h,archive; may include upstream code and duplicate snapshots,1109,30,29,14e0077e1a83020427c678663b17cba8e2256ec17d467c3895758ad7c0317f8c,,
out/r166/changes-from-r165.patch,archive; may include upstream code and duplicate snapshots,2560,65,62,603f188211fb47f89b6d4c0df52b3f9e90a61a62c5671182fcf7f63049b3f96d,14,3
out/r166/check-control.py,archive; may include upstream code and duplicate snapshots,3977,53,53,d4563f77e92e82c0f659b2c28607f4db8f9682edf82137707bb8e231f2988eb6,,
out/r166/check-data-lifecycle.py,archive; may include upstream code and duplicate snapshots,6347,77,77,79e03ee4de29426d4f5dec76d815b50333f1dba40c5690f30df95501b24fd7c6,,
out/r166/check-hardware.py,archive; may include upstream code and duplicate snapshots,5711,62,62,f1d960ac961322f561342dcaed9e74ac79b475013dcd18a51df9094065b897ce,,
out/r166/check-ingress.py,archive; may include upstream code and duplicate snapshots,9718,114,114,f655c035ec623e4ca0c557b6c43568fced7aa833503c15f0ca532bc79819a6c9,,
out/r166/check-lifetime.py,archive; may include upstream code and duplicate snapshots,7849,78,78,7b38befdefc2ded2a2884eb5391957d39e36e8f10ecc38e3aeaf6c21940350ec,,
out/r166/check-nat-resources.py,archive; may include upstream code and duplicate snapshots,5379,77,77,7cfa794db56fcbf4079b84637785a9d10b4321539aef07cdda526242a7047fef,,
out/r166/check-receive.py,archive; may include upstream code and duplicate snapshots,11743,133,133,daaada028080e85db7c93fb7d67b090f3b51903eed4afd51dc3fcd51ddc8cb39,,
out/r166/check-remove.py,archive; may include upstream code and duplicate snapshots,2572,42,42,0cc2eab4d60915894b8d0d53c896df44406808f434e3903591c60088cb01422a,,
out/r166/check-reply.py,archive; may include upstream code and duplicate snapshots,3150,49,49,13bd11eb118ff8aa0e03f1c91746b2ca06cbd53663203a332e159fbbe4c1404e,,
out/r166/check-rx-allocation.py,archive; may include upstream code and duplicate snapshots,3001,60,60,2638f981d3474ff0c8ed3954276988c292c3e4c55a5241ab2907e50906de68d2,,
out/r166/check-validity.py,archive; may include upstream code and duplicate snapshots,3672,46,46,ed44bd560214d6b81850947cd0bde1df36df81ad4e518d3a1bdea401121f5e25,,
out/r166/control-test.c,archive; may include upstream code and duplicate snapshots,4851,88,85,898ca39bcfd323117f35210aff12e4a64de074e82a1dbde36066bf9e2ce2aa59,,
out/r166/data-lifecycle-test.c,archive; may include upstream code and duplicate snapshots,9958,180,176,36baeb19ae7c777b761f41e7708602f1a06d72533162ee4d81b249b2ab8c9318,,
out/r166/hardware-test.c,archive; may include upstream code and duplicate snapshots,9466,188,177,338bd27015ef7ce1c9f4dcf1537508d0cb09a684dbfd24e403dcac6958b0f83c,,
out/r166/ingress-test.c,archive; may include upstream code and duplicate snapshots,12718,205,201,3b671edbea2fd8afa0f2f2dc1153e2fc55eb9ee99a7f7489cd1e84bc91d1fb81,,
out/r166/lifetime-test.c,archive; may include upstream code and duplicate snapshots,14403,278,266,4334daa976be5f12f4921a28f0beabad3cdda641d8e81f7769591f549cebb310,,
out/r166/nat-resources-test.c,archive; may include upstream code and duplicate snapshots,6932,146,137,354d580fb035664a33992042cf5856dff8e558d745736652ecbe1009bc4db403,,
out/r166/rebuild.sh,archive; may include upstream code and duplicate snapshots,2757,40,40,946766730f09cd98fdf430ca2d45318c0407014f89f4fd431fd62713573ffa16,,
out/r166/receive-test.c,archive; may include upstream code and duplicate snapshots,17640,304,295,3955869e8b10d56dbc13433f3b209239ce890e41120092ea1b70869fd1323352,,
out/r166/remove-test.c,archive; may include upstream code and duplicate snapshots,3117,68,64,953a7a8bcaeb566b1a9723f2966a88b479ffa831984357f60ee7859670ef6ab5,,
out/r166/reply-test.c,archive; may include upstream code and duplicate snapshots,3664,66,64,1f6a9cf76b91e2e864019d35b4ba2e6fca0d18b362ae4f8e9b4f5a99c5a92417,,
out/r166/rx-allocation-test.c,archive; may include upstream code and duplicate snapshots,2935,73,70,2c1850d5131e4e76f09e0ce19748b2bbf915a5b5ce03101725ff52844f69c83f,,
out/r166/validity-test.c,archive; may include upstream code and duplicate snapshots,4609,63,60,6579acedccb574a6c9d5614b5a2cecc053e66be344ce18596b1952a295b9bcc0,,
out/r166/verify-bidirectional.py,archive; may include upstream code and duplicate snapshots,2251,33,31,a5658a5cc3271e6062aa65a834fc107dc22490255c5e0a2ca0bac87fc52cfd5a,,
out/r166/verify-guard.py,archive; may include upstream code and duplicate snapshots,2344,42,41,76af6f065405c30ac133875767cd32bc1aee0a3619af527baea8db40050ca9d5,,
out/r166/verify-handoff.py,archive; may include upstream code and duplicate snapshots,3466,60,58,14255bbe7e545d27b8958392212dd2f777406f30c1d0f5ac451b682986ce179d,,
out/r166/verify-image.py,archive; may include upstream code and duplicate snapshots,6604,142,132,a333633fd1ae45eb198466a301b9d9f8d8de2cb1110802863cb64f08bf22dbe2,,
out/r166/verify-kernel.py,archive; may include upstream code and duplicate snapshots,4538,83,73,8cf38770e3bfdc3f517f8bb707cf439539f9c74268982fac5dca98d34986a0c8,,
out/r166/verify-station.py,archive; may include upstream code and duplicate snapshots,2829,46,46,7cd15ac1309c61ba7fd076362703daef32889de63dc29e6b11ec0e53eb0eb238,,
out/r166/source/160-h3601p-idm-station-lifetime.patch,archive; may include upstream code and duplicate snapshots,1876,51,50,9bfb77ec4a9fc912cdf48fa34e7b91c7533ce0176ae4887e1f9b570afc0844cd,34,0
out/r166/source/zx-idm-wlan.h,archive; may include upstream code and duplicate snapshots,604,15,13,31a6cd042749863663fa747a0cb2965199bc9b8d58141bc9ec2c4384544cc1c3,,
out/r166/source/zx279128s-idm-hw.c,archive; may include upstream code and duplicate snapshots,48201,1397,1344,eca33b57afd661af9753917a1ca8b92b479acc4eaa351d1d675fec38ea942c25,,
out/r166/source/zx279128s-idm-wlan.c,archive; may include upstream code and duplicate snapshots,4902,180,165,4c9b1d9f9553768c9a86f887c95b3fc025a0ac2cf9369a5c8678376eaf680464,,
out/r166/source/zx279128s-idm.c,archive; may include upstream code and duplicate snapshots,5718,215,197,9cc28ffdc2f1e1be16bc8aff093c9e63e0b7746d8565f6bd4ae7f17f4c5c8ca9,,
out/r166/source/zx279128s-idm.h,archive; may include upstream code and duplicate snapshots,2313,63,57,adce2274432d57823bf2bf1ef03827c3f439e7cc6244043dfff87b50dec5f5da,,
out/r166/source/zx279128s-l3offload.c,archive; may include upstream code and duplicate snapshots,76230,2214,1960,007936957335d0d26f1c1f68e1ee3963237c0fb6c57dc77d9ef23c454b007620,,
out/r166/source/zx279128s-l3offload.h,archive; may include upstream code and duplicate snapshots,3415,118,102,327c131e44a6a0793727b895cfd728560ef1e87473854b3d1919ba5154d78a9f,,
out/r166/source/zx279128s-tm.c,archive; may include upstream code and duplicate snapshots,78196,2631,2299,ca196d20cbc8281496ed5ab8b56fd7f011f5e193e3ff1b0da0de1944442e731d,,
out/r166/source/zx279128s-tm.h,archive; may include upstream code and duplicate snapshots,1783,88,78,cbc364380557a8df120860888c3cd95c6537777191e8def8fffa976cfaada9b4,,
out/r166/source/zx279128s-wlan-fast.c,archive; may include upstream code and duplicate snapshots,19108,480,461,51bbd77f163e28103740ed70375a55d88e1ed217a9002448e5f50812e71f693f,,
out/r166/source/zx279128s-wlan-fast.h,archive; may include upstream code and duplicate snapshots,745,19,19,b822140923201cd6a5a95ef74945a5840c0bfa204997892a81384d28eab57116,,
out/r166/source/zx279128s-wlan-flow.c,archive; may include upstream code and duplicate snapshots,4952,143,135,e8d7e250244573681e8d1fc217e7f406d8ac4ae3f5dc0e761ebd54d7d852a4d0,,
out/r166/source/zx279128s-wlan-flow.h,archive; may include upstream code and duplicate snapshots,1109,30,29,14e0077e1a83020427c678663b17cba8e2256ec17d467c3895758ad7c0317f8c,,
out/r167/check-control.py,archive; may include upstream code and duplicate snapshots,3977,53,53,d4563f77e92e82c0f659b2c28607f4db8f9682edf82137707bb8e231f2988eb6,,
out/r167/check-data-lifecycle.py,archive; may include upstream code and duplicate snapshots,6347,77,77,79e03ee4de29426d4f5dec76d815b50333f1dba40c5690f30df95501b24fd7c6,,
out/r167/check-hardware.py,archive; may include upstream code and duplicate snapshots,5711,62,62,f1d960ac961322f561342dcaed9e74ac79b475013dcd18a51df9094065b897ce,,
out/r167/check-ingress.py,archive; may include upstream code and duplicate snapshots,9718,114,114,f655c035ec623e4ca0c557b6c43568fced7aa833503c15f0ca532bc79819a6c9,,
out/r167/check-lifetime.py,archive; may include upstream code and duplicate snapshots,7849,78,78,7b38befdefc2ded2a2884eb5391957d39e36e8f10ecc38e3aeaf6c21940350ec,,
out/r167/check-nat-resources.py,archive; may include upstream code and duplicate snapshots,5379,77,77,7cfa794db56fcbf4079b84637785a9d10b4321539aef07cdda526242a7047fef,,
out/r167/check-receive.py,archive; may include upstream code and duplicate snapshots,11743,133,133,daaada028080e85db7c93fb7d67b090f3b51903eed4afd51dc3fcd51ddc8cb39,,
out/r167/check-remove.py,archive; may include upstream code and duplicate snapshots,2572,42,42,0cc2eab4d60915894b8d0d53c896df44406808f434e3903591c60088cb01422a,,
out/r167/check-reply.py,archive; may include upstream code and duplicate snapshots,3150,49,49,13bd11eb118ff8aa0e03f1c91746b2ca06cbd53663203a332e159fbbe4c1404e,,
out/r167/check-rx-allocation.py,archive; may include upstream code and duplicate snapshots,3001,60,60,2638f981d3474ff0c8ed3954276988c292c3e4c55a5241ab2907e50906de68d2,,
out/r167/check-validity.py,archive; may include upstream code and duplicate snapshots,3672,46,46,ed44bd560214d6b81850947cd0bde1df36df81ad4e518d3a1bdea401121f5e25,,
out/r167/control-test.c,archive; may include upstream code and duplicate snapshots,4851,88,85,898ca39bcfd323117f35210aff12e4a64de074e82a1dbde36066bf9e2ce2aa59,,
out/r167/data-lifecycle-test.c,archive; may include upstream code and duplicate snapshots,9958,180,176,36baeb19ae7c777b761f41e7708602f1a06d72533162ee4d81b249b2ab8c9318,,
out/r167/hardware-test.c,archive; may include upstream code and duplicate snapshots,9466,188,177,338bd27015ef7ce1c9f4dcf1537508d0cb09a684dbfd24e403dcac6958b0f83c,,
out/r167/ingress-test.c,archive; may include upstream code and duplicate snapshots,12718,205,201,3b671edbea2fd8afa0f2f2dc1153e2fc55eb9ee99a7f7489cd1e84bc91d1fb81,,
out/r167/lifetime-test.c,archive; may include upstream code and duplicate snapshots,14403,278,266,4334daa976be5f12f4921a28f0beabad3cdda641d8e81f7769591f549cebb310,,
out/r167/nat-resources-test.c,archive; may include upstream code and duplicate snapshots,6932,146,137,354d580fb035664a33992042cf5856dff8e558d745736652ecbe1009bc4db403,,
out/r167/rebuild.sh,archive; may include upstream code and duplicate snapshots,2757,40,40,63dc78185727692c1e7d64858de5be00d40a0229003c19ab5b1ee56e7846e5d5,,
out/r167/receive-test.c,archive; may include upstream code and duplicate snapshots,17640,304,295,3955869e8b10d56dbc13433f3b209239ce890e41120092ea1b70869fd1323352,,
out/r167/remove-test.c,archive; may include upstream code and duplicate snapshots,3117,68,64,953a7a8bcaeb566b1a9723f2966a88b479ffa831984357f60ee7859670ef6ab5,,
out/r167/reply-test.c,archive; may include upstream code and duplicate snapshots,3664,66,64,1f6a9cf76b91e2e864019d35b4ba2e6fca0d18b362ae4f8e9b4f5a99c5a92417,,
out/r167/rx-allocation-test.c,archive; may include upstream code and duplicate snapshots,2935,73,70,2c1850d5131e4e76f09e0ce19748b2bbf915a5b5ce03101725ff52844f69c83f,,
out/r167/validity-test.c,archive; may include upstream code and duplicate snapshots,4609,63,60,6579acedccb574a6c9d5614b5a2cecc053e66be344ce18596b1952a295b9bcc0,,
out/r167/verify-bidirectional.py,archive; may include upstream code and duplicate snapshots,2251,33,31,a5658a5cc3271e6062aa65a834fc107dc22490255c5e0a2ca0bac87fc52cfd5a,,
out/r167/verify-guard.py,archive; may include upstream code and duplicate snapshots,2344,42,41,9f5eea3303677da1b681a734e16a0bdb211eb16fcc04bae0e331495c304870aa,,
out/r167/verify-handoff.py,archive; may include upstream code and duplicate snapshots,3466,60,58,14255bbe7e545d27b8958392212dd2f777406f30c1d0f5ac451b682986ce179d,,
out/r167/verify-image.py,archive; may include upstream code and duplicate snapshots,6910,145,135,6fa24ca0f9f79bb487f1e7e43ef2e5dba526d9c6b5d80f8e96f6a5888161c208,,
out/r167/verify-kernel.py,archive; may include upstream code and duplicate snapshots,4538,83,73,8cf38770e3bfdc3f517f8bb707cf439539f9c74268982fac5dca98d34986a0c8,,
out/r167/verify-station.py,archive; may include upstream code and duplicate snapshots,2829,46,46,7cd15ac1309c61ba7fd076362703daef32889de63dc29e6b11ec0e53eb0eb238,,
out/r167/source/160-h3601p-idm-station-lifetime.patch,archive; may include upstream code and duplicate snapshots,1876,51,50,9bfb77ec4a9fc912cdf48fa34e7b91c7533ce0176ae4887e1f9b570afc0844cd,34,0
out/r167/source/170-h3601p-normal-tx-worker.patch,archive; may include upstream code and duplicate snapshots,749,20,18,05b0a31ab7d8704b368e1c14a5831344eb3d550b0b80dcbcde2ad5cf0d1cbba0,10,0
out/r167/source/zx-idm-wlan.h,archive; may include upstream code and duplicate snapshots,604,15,13,31a6cd042749863663fa747a0cb2965199bc9b8d58141bc9ec2c4384544cc1c3,,
out/r167/source/zx279128s-idm-hw.c,archive; may include upstream code and duplicate snapshots,48201,1397,1344,eca33b57afd661af9753917a1ca8b92b479acc4eaa351d1d675fec38ea942c25,,
out/r167/source/zx279128s-idm-wlan.c,archive; may include upstream code and duplicate snapshots,4902,180,165,4c9b1d9f9553768c9a86f887c95b3fc025a0ac2cf9369a5c8678376eaf680464,,
out/r167/source/zx279128s-idm.c,archive; may include upstream code and duplicate snapshots,5718,215,197,9cc28ffdc2f1e1be16bc8aff093c9e63e0b7746d8565f6bd4ae7f17f4c5c8ca9,,
out/r167/source/zx279128s-idm.h,archive; may include upstream code and duplicate snapshots,2313,63,57,adce2274432d57823bf2bf1ef03827c3f439e7cc6244043dfff87b50dec5f5da,,
out/r167/source/zx279128s-l3offload.c,archive; may include upstream code and duplicate snapshots,76230,2214,1960,007936957335d0d26f1c1f68e1ee3963237c0fb6c57dc77d9ef23c454b007620,,
out/r167/source/zx279128s-l3offload.h,archive; may include upstream code and duplicate snapshots,3415,118,102,327c131e44a6a0793727b895cfd728560ef1e87473854b3d1919ba5154d78a9f,,
out/r167/source/zx279128s-tm.c,archive; may include upstream code and duplicate snapshots,78196,2631,2299,ca196d20cbc8281496ed5ab8b56fd7f011f5e193e3ff1b0da0de1944442e731d,,
out/r167/source/zx279128s-tm.h,archive; may include upstream code and duplicate snapshots,1783,88,78,cbc364380557a8df120860888c3cd95c6537777191e8def8fffa976cfaada9b4,,
out/r167/source/zx279128s-wlan-fast.c,archive; may include upstream code and duplicate snapshots,19108,480,461,51bbd77f163e28103740ed70375a55d88e1ed217a9002448e5f50812e71f693f,,
out/r167/source/zx279128s-wlan-fast.h,archive; may include upstream code and duplicate snapshots,745,19,19,b822140923201cd6a5a95ef74945a5840c0bfa204997892a81384d28eab57116,,
out/r167/source/zx279128s-wlan-flow.c,archive; may include upstream code and duplicate snapshots,4952,143,135,e8d7e250244573681e8d1fc217e7f406d8ac4ae3f5dc0e761ebd54d7d852a4d0,,
out/r167/source/zx279128s-wlan-flow.h,archive; may include upstream code and duplicate snapshots,1109,30,29,14e0077e1a83020427c678663b17cba8e2256ec17d467c3895758ad7c0317f8c,,
out/r168/check-control.py,archive; may include upstream code and duplicate snapshots,3977,53,53,d4563f77e92e82c0f659b2c28607f4db8f9682edf82137707bb8e231f2988eb6,,
out/r168/check-data-lifecycle.py,archive; may include upstream code and duplicate snapshots,6347,77,77,79e03ee4de29426d4f5dec76d815b50333f1dba40c5690f30df95501b24fd7c6,,
out/r168/check-hardware.py,archive; may include upstream code and duplicate snapshots,5822,63,63,154c4dc878736a83c282fb99322addb20f1bb1e3c8c2c554abc0ced38b1651b3,,
out/r168/check-ingress.py,archive; may include upstream code and duplicate snapshots,9718,114,114,f655c035ec623e4ca0c557b6c43568fced7aa833503c15f0ca532bc79819a6c9,,
out/r168/check-lifetime.py,archive; may include upstream code and duplicate snapshots,7876,79,79,6f27c61c7bf20c9afbf961bf29c8f1d036a5485f4adad2e6dd18b50f601bcf77,,
out/r168/check-nat-resources.py,archive; may include upstream code and duplicate snapshots,5379,77,77,7cfa794db56fcbf4079b84637785a9d10b4321539aef07cdda526242a7047fef,,
out/r168/check-receive.py,archive; may include upstream code and duplicate snapshots,11819,134,134,fd3319591caf94ca9b1ac8f6f0be5d19d83cebc2602e5ce82cf15a0321934b8b,,
out/r168/check-remove.py,archive; may include upstream code and duplicate snapshots,2572,42,42,0cc2eab4d60915894b8d0d53c896df44406808f434e3903591c60088cb01422a,,
out/r168/check-reply.py,archive; may include upstream code and duplicate snapshots,3150,49,49,13bd11eb118ff8aa0e03f1c91746b2ca06cbd53663203a332e159fbbe4c1404e,,
out/r168/check-rx-allocation.py,archive; may include upstream code and duplicate snapshots,3001,60,60,2638f981d3474ff0c8ed3954276988c292c3e4c55a5241ab2907e50906de68d2,,
out/r168/check-validity.py,archive; may include upstream code and duplicate snapshots,3672,46,46,ed44bd560214d6b81850947cd0bde1df36df81ad4e518d3a1bdea401121f5e25,,
out/r168/control-test.c,archive; may include upstream code and duplicate snapshots,4851,88,85,898ca39bcfd323117f35210aff12e4a64de074e82a1dbde36066bf9e2ce2aa59,,
out/r168/data-lifecycle-test.c,archive; may include upstream code and duplicate snapshots,9958,180,176,36baeb19ae7c777b761f41e7708602f1a06d72533162ee4d81b249b2ab8c9318,,
out/r168/hardware-test.c,archive; may include upstream code and duplicate snapshots,9782,192,181,ad067ba341b5c46ec0816a1cc8960d7cbc61cca4c4a0f65ec1054a1a6e3039f0,,
out/r168/ingress-test.c,archive; may include upstream code and duplicate snapshots,12718,205,201,3b671edbea2fd8afa0f2f2dc1153e2fc55eb9ee99a7f7489cd1e84bc91d1fb81,,
out/r168/lifetime-test.c,archive; may include upstream code and duplicate snapshots,14431,279,267,3349f7645d4b7d2a30789fa227372cf1e79a62ad98dc5c5c191ca3f59eee5930,,
out/r168/nat-resources-test.c,archive; may include upstream code and duplicate snapshots,6932,146,137,354d580fb035664a33992042cf5856dff8e558d745736652ecbe1009bc4db403,,
out/r168/rebuild.sh,archive; may include upstream code and duplicate snapshots,2757,40,40,faa6d3f6ecbb81c0afd1e2db1c262e0a10072922a1704bcba9b6a94644af4a41,,
out/r168/receive-test.c,archive; may include upstream code and duplicate snapshots,17886,309,300,ad5f7b3dcb48f40fb41b99262793d54442a47385cef8b497ab28bf0a4c1fb975,,
out/r168/remove-test.c,archive; may include upstream code and duplicate snapshots,3117,68,64,953a7a8bcaeb566b1a9723f2966a88b479ffa831984357f60ee7859670ef6ab5,,
out/r168/reply-test.c,archive; may include upstream code and duplicate snapshots,3664,66,64,1f6a9cf76b91e2e864019d35b4ba2e6fca0d18b362ae4f8e9b4f5a99c5a92417,,
out/r168/rx-allocation-test.c,archive; may include upstream code and duplicate snapshots,2935,73,70,2c1850d5131e4e76f09e0ce19748b2bbf915a5b5ce03101725ff52844f69c83f,,
out/r168/validity-test.c,archive; may include upstream code and duplicate snapshots,4609,63,60,6579acedccb574a6c9d5614b5a2cecc053e66be344ce18596b1952a295b9bcc0,,
out/r168/verify-bidirectional.py,archive; may include upstream code and duplicate snapshots,2251,33,31,a5658a5cc3271e6062aa65a834fc107dc22490255c5e0a2ca0bac87fc52cfd5a,,
out/r168/verify-guard.py,archive; may include upstream code and duplicate snapshots,2344,42,41,9f5eea3303677da1b681a734e16a0bdb211eb16fcc04bae0e331495c304870aa,,
out/r168/verify-handoff.py,archive; may include upstream code and duplicate snapshots,3466,60,58,14255bbe7e545d27b8958392212dd2f777406f30c1d0f5ac451b682986ce179d,,
out/r168/verify-image.py,archive; may include upstream code and duplicate snapshots,6910,145,135,6fa24ca0f9f79bb487f1e7e43ef2e5dba526d9c6b5d80f8e96f6a5888161c208,,
out/r168/verify-kernel.py,archive; may include upstream code and duplicate snapshots,4538,83,73,8cf38770e3bfdc3f517f8bb707cf439539f9c74268982fac5dca98d34986a0c8,,
out/r168/verify-station.py,archive; may include upstream code and duplicate snapshots,2829,46,46,7cd15ac1309c61ba7fd076362703daef32889de63dc29e6b11ec0e53eb0eb238,,
out/r168/source/160-h3601p-idm-station-lifetime.patch,archive; may include upstream code and duplicate snapshots,1876,51,50,9bfb77ec4a9fc912cdf48fa34e7b91c7533ce0176ae4887e1f9b570afc0844cd,34,0
out/r168/source/170-h3601p-normal-tx-worker.patch,archive; may include upstream code and duplicate snapshots,749,20,18,05b0a31ab7d8704b368e1c14a5831344eb3d550b0b80dcbcde2ad5cf0d1cbba0,10,0
out/r168/source/zx-idm-wlan.h,archive; may include upstream code and duplicate snapshots,604,15,13,31a6cd042749863663fa747a0cb2965199bc9b8d58141bc9ec2c4384544cc1c3,,
out/r168/source/zx279128s-idm-hw.c,archive; may include upstream code and duplicate snapshots,48201,1397,1344,eca33b57afd661af9753917a1ca8b92b479acc4eaa351d1d675fec38ea942c25,,
out/r168/source/zx279128s-idm-wlan.c,archive; may include upstream code and duplicate snapshots,4902,180,165,4c9b1d9f9553768c9a86f887c95b3fc025a0ac2cf9369a5c8678376eaf680464,,
out/r168/source/zx279128s-idm.c,archive; may include upstream code and duplicate snapshots,5718,215,197,9cc28ffdc2f1e1be16bc8aff093c9e63e0b7746d8565f6bd4ae7f17f4c5c8ca9,,
out/r168/source/zx279128s-idm.h,archive; may include upstream code and duplicate snapshots,2313,63,57,adce2274432d57823bf2bf1ef03827c3f439e7cc6244043dfff87b50dec5f5da,,
out/r168/source/zx279128s-l3offload.c,archive; may include upstream code and duplicate snapshots,76435,2217,1963,53fd5a5f121790491a957a602fbc24bd9b15c73d99dd9dec12d9a44d1047fa91,,
out/r168/source/zx279128s-l3offload.h,archive; may include upstream code and duplicate snapshots,3415,118,102,327c131e44a6a0793727b895cfd728560ef1e87473854b3d1919ba5154d78a9f,,
out/r168/source/zx279128s-tm.c,archive; may include upstream code and duplicate snapshots,78196,2631,2299,ca196d20cbc8281496ed5ab8b56fd7f011f5e193e3ff1b0da0de1944442e731d,,
out/r168/source/zx279128s-tm.h,archive; may include upstream code and duplicate snapshots,1783,88,78,cbc364380557a8df120860888c3cd95c6537777191e8def8fffa976cfaada9b4,,
out/r168/source/zx279128s-wlan-fast.c,archive; may include upstream code and duplicate snapshots,19750,494,475,e20b902c2434537e169ce41f597650cec02d50249ce894fa2f73fe3f5d6c5ae9,,
out/r168/source/zx279128s-wlan-fast.h,archive; may include upstream code and duplicate snapshots,745,19,19,b822140923201cd6a5a95ef74945a5840c0bfa204997892a81384d28eab57116,,
out/r168/source/zx279128s-wlan-flow.c,archive; may include upstream code and duplicate snapshots,4952,143,135,e8d7e250244573681e8d1fc217e7f406d8ac4ae3f5dc0e761ebd54d7d852a4d0,,
out/r168/source/zx279128s-wlan-flow.h,archive; may include upstream code and duplicate snapshots,1109,30,29,14e0077e1a83020427c678663b17cba8e2256ec17d467c3895758ad7c0317f8c,,
out/r169/check-control.py,archive; may include upstream code and duplicate snapshots,3977,53,53,d4563f77e92e82c0f659b2c28607f4db8f9682edf82137707bb8e231f2988eb6,,
out/r169/check-data-lifecycle.py,archive; may include upstream code and duplicate snapshots,6347,77,77,79e03ee4de29426d4f5dec76d815b50333f1dba40c5690f30df95501b24fd7c6,,
out/r169/check-hardware.py,archive; may include upstream code and duplicate snapshots,5822,63,63,154c4dc878736a83c282fb99322addb20f1bb1e3c8c2c554abc0ced38b1651b3,,
out/r169/check-ingress.py,archive; may include upstream code and duplicate snapshots,9718,114,114,f655c035ec623e4ca0c557b6c43568fced7aa833503c15f0ca532bc79819a6c9,,
out/r169/check-lifetime.py,archive; may include upstream code and duplicate snapshots,7876,79,79,6f27c61c7bf20c9afbf961bf29c8f1d036a5485f4adad2e6dd18b50f601bcf77,,
out/r169/check-nat-resources.py,archive; may include upstream code and duplicate snapshots,5379,77,77,7cfa794db56fcbf4079b84637785a9d10b4321539aef07cdda526242a7047fef,,
out/r169/check-receive.py,archive; may include upstream code and duplicate snapshots,11819,134,134,fd3319591caf94ca9b1ac8f6f0be5d19d83cebc2602e5ce82cf15a0321934b8b,,
out/r169/check-remove.py,archive; may include upstream code and duplicate snapshots,2572,42,42,0cc2eab4d60915894b8d0d53c896df44406808f434e3903591c60088cb01422a,,
out/r169/check-reply.py,archive; may include upstream code and duplicate snapshots,3150,49,49,13bd11eb118ff8aa0e03f1c91746b2ca06cbd53663203a332e159fbbe4c1404e,,
out/r169/check-rx-allocation.py,archive; may include upstream code and duplicate snapshots,3001,60,60,2638f981d3474ff0c8ed3954276988c292c3e4c55a5241ab2907e50906de68d2,,
out/r169/check-validity.py,archive; may include upstream code and duplicate snapshots,3672,46,46,ed44bd560214d6b81850947cd0bde1df36df81ad4e518d3a1bdea401121f5e25,,
out/r169/control-test.c,archive; may include upstream code and duplicate snapshots,4851,88,85,898ca39bcfd323117f35210aff12e4a64de074e82a1dbde36066bf9e2ce2aa59,,
out/r169/data-lifecycle-test.c,archive; may include upstream code and duplicate snapshots,9958,180,176,36baeb19ae7c777b761f41e7708602f1a06d72533162ee4d81b249b2ab8c9318,,
out/r169/hardware-test.c,archive; may include upstream code and duplicate snapshots,9782,192,181,ad067ba341b5c46ec0816a1cc8960d7cbc61cca4c4a0f65ec1054a1a6e3039f0,,
out/r169/ingress-test.c,archive; may include upstream code and duplicate snapshots,12718,205,201,3b671edbea2fd8afa0f2f2dc1153e2fc55eb9ee99a7f7489cd1e84bc91d1fb81,,
out/r169/lifetime-test.c,archive; may include upstream code and duplicate snapshots,14431,279,267,3349f7645d4b7d2a30789fa227372cf1e79a62ad98dc5c5c191ca3f59eee5930,,
out/r169/nat-resources-test.c,archive; may include upstream code and duplicate snapshots,6932,146,137,354d580fb035664a33992042cf5856dff8e558d745736652ecbe1009bc4db403,,
out/r169/rebuild.sh,archive; may include upstream code and duplicate snapshots,3125,46,46,646be25c6594eda080f54ca440b9305ea5590025c337624df967105d1323f6fa,,
out/r169/receive-test.c,archive; may include upstream code and duplicate snapshots,17886,309,300,ad5f7b3dcb48f40fb41b99262793d54442a47385cef8b497ab28bf0a4c1fb975,,
out/r169/remove-test.c,archive; may include upstream code and duplicate snapshots,3117,68,64,953a7a8bcaeb566b1a9723f2966a88b479ffa831984357f60ee7859670ef6ab5,,
out/r169/reply-test.c,archive; may include upstream code and duplicate snapshots,3664,66,64,1f6a9cf76b91e2e864019d35b4ba2e6fca0d18b362ae4f8e9b4f5a99c5a92417,,
out/r169/rx-allocation-test.c,archive; may include upstream code and duplicate snapshots,2935,73,70,2c1850d5131e4e76f09e0ce19748b2bbf915a5b5ce03101725ff52844f69c83f,,
out/r169/validity-test.c,archive; may include upstream code and duplicate snapshots,4609,63,60,6579acedccb574a6c9d5614b5a2cecc053e66be344ce18596b1952a295b9bcc0,,
out/r169/verify-bidirectional.py,archive; may include upstream code and duplicate snapshots,2251,33,31,a5658a5cc3271e6062aa65a834fc107dc22490255c5e0a2ca0bac87fc52cfd5a,,
out/r169/verify-direct-stage.py,archive; may include upstream code and duplicate snapshots,2359,53,43,0fde602b65c2f0551d57b8606583534ad678a136f07e7a3ad7856fc3d533bcb6,,
out/r169/verify-guard.py,archive; may include upstream code and duplicate snapshots,2344,42,41,9f5eea3303677da1b681a734e16a0bdb211eb16fcc04bae0e331495c304870aa,,
out/r169/verify-handoff.py,archive; may include upstream code and duplicate snapshots,3466,60,58,14255bbe7e545d27b8958392212dd2f777406f30c1d0f5ac451b682986ce179d,,
out/r169/verify-image.py,archive; may include upstream code and duplicate snapshots,6960,146,136,5cabf2cafd1ea250c22c8647337d0de2808c878f620c305e6413c85f6a8ba044,,
out/r169/verify-kernel.py,archive; may include upstream code and duplicate snapshots,4538,83,73,8cf38770e3bfdc3f517f8bb707cf439539f9c74268982fac5dca98d34986a0c8,,
out/r169/verify-station.py,archive; may include upstream code and duplicate snapshots,2829,46,46,7cd15ac1309c61ba7fd076362703daef32889de63dc29e6b11ec0e53eb0eb238,,
out/r169/source/160-h3601p-idm-station-lifetime.patch,archive; may include upstream code and duplicate snapshots,1876,51,50,9bfb77ec4a9fc912cdf48fa34e7b91c7533ce0176ae4887e1f9b570afc0844cd,34,0
out/r169/source/170-h3601p-normal-tx-worker.patch,archive; may include upstream code and duplicate snapshots,749,20,18,05b0a31ab7d8704b368e1c14a5831344eb3d550b0b80dcbcde2ad5cf0d1cbba0,10,0
out/r169/source/180-h3601p-direct-tx-stage1.patch,archive; may include upstream code and duplicate snapshots,6393,217,209,bf885dea136d89d1b516d5b5e40a65781fd423e98b228a2f904ccc21f40e734f,158,1
out/r169/source/zx-idm-wlan.h,archive; may include upstream code and duplicate snapshots,604,15,13,31a6cd042749863663fa747a0cb2965199bc9b8d58141bc9ec2c4384544cc1c3,,
out/r169/source/zx279128s-idm-hw.c,archive; may include upstream code and duplicate snapshots,48201,1397,1344,eca33b57afd661af9753917a1ca8b92b479acc4eaa351d1d675fec38ea942c25,,
out/r169/source/zx279128s-idm-wlan.c,archive; may include upstream code and duplicate snapshots,4902,180,165,4c9b1d9f9553768c9a86f887c95b3fc025a0ac2cf9369a5c8678376eaf680464,,
out/r169/source/zx279128s-idm.c,archive; may include upstream code and duplicate snapshots,5718,215,197,9cc28ffdc2f1e1be16bc8aff093c9e63e0b7746d8565f6bd4ae7f17f4c5c8ca9,,
out/r169/source/zx279128s-idm.h,archive; may include upstream code and duplicate snapshots,2313,63,57,adce2274432d57823bf2bf1ef03827c3f439e7cc6244043dfff87b50dec5f5da,,
out/r169/source/zx279128s-l3offload.c,archive; may include upstream code and duplicate snapshots,76435,2217,1963,53fd5a5f121790491a957a602fbc24bd9b15c73d99dd9dec12d9a44d1047fa91,,
out/r169/source/zx279128s-l3offload.h,archive; may include upstream code and duplicate snapshots,3415,118,102,327c131e44a6a0793727b895cfd728560ef1e87473854b3d1919ba5154d78a9f,,
out/r169/source/zx279128s-tm.c,archive; may include upstream code and duplicate snapshots,78196,2631,2299,ca196d20cbc8281496ed5ab8b56fd7f011f5e193e3ff1b0da0de1944442e731d,,
out/r169/source/zx279128s-tm.h,archive; may include upstream code and duplicate snapshots,1783,88,78,cbc364380557a8df120860888c3cd95c6537777191e8def8fffa976cfaada9b4,,
out/r169/source/zx279128s-wlan-fast.c,archive; may include upstream code and duplicate snapshots,19750,494,475,e20b902c2434537e169ce41f597650cec02d50249ce894fa2f73fe3f5d6c5ae9,,
out/r169/source/zx279128s-wlan-fast.h,archive; may include upstream code and duplicate snapshots,745,19,19,b822140923201cd6a5a95ef74945a5840c0bfa204997892a81384d28eab57116,,
out/r169/source/zx279128s-wlan-flow.c,archive; may include upstream code and duplicate snapshots,4952,143,135,e8d7e250244573681e8d1fc217e7f406d8ac4ae3f5dc0e761ebd54d7d852a4d0,,
out/r169/source/zx279128s-wlan-flow.h,archive; may include upstream code and duplicate snapshots,1109,30,29,14e0077e1a83020427c678663b17cba8e2256ec17d467c3895758ad7c0317f8c,,
out/r170/check-control.py,archive; may include upstream code and duplicate snapshots,3977,53,53,d4563f77e92e82c0f659b2c28607f4db8f9682edf82137707bb8e231f2988eb6,,
out/r170/check-data-lifecycle.py,archive; may include upstream code and duplicate snapshots,6347,77,77,79e03ee4de29426d4f5dec76d815b50333f1dba40c5690f30df95501b24fd7c6,,
out/r170/check-hardware.py,archive; may include upstream code and duplicate snapshots,5822,63,63,154c4dc878736a83c282fb99322addb20f1bb1e3c8c2c554abc0ced38b1651b3,,
out/r170/check-ingress.py,archive; may include upstream code and duplicate snapshots,9718,114,114,f655c035ec623e4ca0c557b6c43568fced7aa833503c15f0ca532bc79819a6c9,,
out/r170/check-lifetime.py,archive; may include upstream code and duplicate snapshots,7876,79,79,6f27c61c7bf20c9afbf961bf29c8f1d036a5485f4adad2e6dd18b50f601bcf77,,
out/r170/check-nat-resources.py,archive; may include upstream code and duplicate snapshots,5379,77,77,7cfa794db56fcbf4079b84637785a9d10b4321539aef07cdda526242a7047fef,,
out/r170/check-receive.py,archive; may include upstream code and duplicate snapshots,11819,134,134,fd3319591caf94ca9b1ac8f6f0be5d19d83cebc2602e5ce82cf15a0321934b8b,,
out/r170/check-remove.py,archive; may include upstream code and duplicate snapshots,2572,42,42,0cc2eab4d60915894b8d0d53c896df44406808f434e3903591c60088cb01422a,,
out/r170/check-reply.py,archive; may include upstream code and duplicate snapshots,3150,49,49,13bd11eb118ff8aa0e03f1c91746b2ca06cbd53663203a332e159fbbe4c1404e,,
out/r170/check-rx-allocation.py,archive; may include upstream code and duplicate snapshots,3001,60,60,2638f981d3474ff0c8ed3954276988c292c3e4c55a5241ab2907e50906de68d2,,
out/r170/check-validity.py,archive; may include upstream code and duplicate snapshots,3672,46,46,ed44bd560214d6b81850947cd0bde1df36df81ad4e518d3a1bdea401121f5e25,,
out/r170/control-test.c,archive; may include upstream code and duplicate snapshots,4851,88,85,898ca39bcfd323117f35210aff12e4a64de074e82a1dbde36066bf9e2ce2aa59,,
out/r170/data-lifecycle-test.c,archive; may include upstream code and duplicate snapshots,9958,180,176,36baeb19ae7c777b761f41e7708602f1a06d72533162ee4d81b249b2ab8c9318,,
out/r170/hardware-test.c,archive; may include upstream code and duplicate snapshots,9782,192,181,ad067ba341b5c46ec0816a1cc8960d7cbc61cca4c4a0f65ec1054a1a6e3039f0,,
out/r170/ingress-test.c,archive; may include upstream code and duplicate snapshots,12718,205,201,3b671edbea2fd8afa0f2f2dc1153e2fc55eb9ee99a7f7489cd1e84bc91d1fb81,,
out/r170/lifetime-test.c,archive; may include upstream code and duplicate snapshots,14431,279,267,3349f7645d4b7d2a30789fa227372cf1e79a62ad98dc5c5c191ca3f59eee5930,,
out/r170/nat-resources-test.c,archive; may include upstream code and duplicate snapshots,6932,146,137,354d580fb035664a33992042cf5856dff8e558d745736652ecbe1009bc4db403,,
out/r170/rebuild.sh,archive; may include upstream code and duplicate snapshots,3125,46,46,8ce5c9f0fe438ff9ffa894fc3b1701869707da7f56a26887f7a88791df61dd13,,
out/r170/receive-test.c,archive; may include upstream code and duplicate snapshots,17886,309,300,ad5f7b3dcb48f40fb41b99262793d54442a47385cef8b497ab28bf0a4c1fb975,,
out/r170/remove-test.c,archive; may include upstream code and duplicate snapshots,3117,68,64,953a7a8bcaeb566b1a9723f2966a88b479ffa831984357f60ee7859670ef6ab5,,
out/r170/reply-test.c,archive; may include upstream code and duplicate snapshots,3664,66,64,1f6a9cf76b91e2e864019d35b4ba2e6fca0d18b362ae4f8e9b4f5a99c5a92417,,
out/r170/rx-allocation-test.c,archive; may include upstream code and duplicate snapshots,2935,73,70,2c1850d5131e4e76f09e0ce19748b2bbf915a5b5ce03101725ff52844f69c83f,,
out/r170/validity-test.c,archive; may include upstream code and duplicate snapshots,4609,63,60,6579acedccb574a6c9d5614b5a2cecc053e66be344ce18596b1952a295b9bcc0,,
out/r170/verify-bidirectional.py,archive; may include upstream code and duplicate snapshots,2251,33,31,a5658a5cc3271e6062aa65a834fc107dc22490255c5e0a2ca0bac87fc52cfd5a,,
out/r170/verify-direct-stage.py,archive; may include upstream code and duplicate snapshots,2503,55,45,f443b92493a2efcc01247dc34486d94925b33ef25e35c44da33c3c5ca79c0b6a,,
out/r170/verify-guard.py,archive; may include upstream code and duplicate snapshots,2344,42,41,9f5eea3303677da1b681a734e16a0bdb211eb16fcc04bae0e331495c304870aa,,
out/r170/verify-handoff.py,archive; may include upstream code and duplicate snapshots,3466,60,58,14255bbe7e545d27b8958392212dd2f777406f30c1d0f5ac451b682986ce179d,,
out/r170/verify-image.py,archive; may include upstream code and duplicate snapshots,6960,146,136,5cabf2cafd1ea250c22c8647337d0de2808c878f620c305e6413c85f6a8ba044,,
out/r170/verify-kernel.py,archive; may include upstream code and duplicate snapshots,4538,83,73,8cf38770e3bfdc3f517f8bb707cf439539f9c74268982fac5dca98d34986a0c8,,
out/r170/verify-station.py,archive; may include upstream code and duplicate snapshots,2829,46,46,7cd15ac1309c61ba7fd076362703daef32889de63dc29e6b11ec0e53eb0eb238,,
out/r170/source/160-h3601p-idm-station-lifetime.patch,archive; may include upstream code and duplicate snapshots,1876,51,50,9bfb77ec4a9fc912cdf48fa34e7b91c7533ce0176ae4887e1f9b570afc0844cd,34,0
out/r170/source/170-h3601p-normal-tx-worker.patch,archive; may include upstream code and duplicate snapshots,749,20,18,05b0a31ab7d8704b368e1c14a5831344eb3d550b0b80dcbcde2ad5cf0d1cbba0,10,0
out/r170/source/180-h3601p-direct-tx-stage1.patch,archive; may include upstream code and duplicate snapshots,6393,217,209,bf885dea136d89d1b516d5b5e40a65781fd423e98b228a2f904ccc21f40e734f,158,1
out/r170/source/180-h3601p-direct-tx-stage2.patch,archive; may include upstream code and duplicate snapshots,9817,321,313,30de50ae3946623b48747b8a2a2f12d9665ddb155c51e24e2639e30abb61b030,262,1
out/r170/source/zx-idm-wlan.h,archive; may include upstream code and duplicate snapshots,604,15,13,31a6cd042749863663fa747a0cb2965199bc9b8d58141bc9ec2c4384544cc1c3,,
out/r170/source/zx279128s-idm-hw.c,archive; may include upstream code and duplicate snapshots,48201,1397,1344,eca33b57afd661af9753917a1ca8b92b479acc4eaa351d1d675fec38ea942c25,,
out/r170/source/zx279128s-idm-wlan.c,archive; may include upstream code and duplicate snapshots,4902,180,165,4c9b1d9f9553768c9a86f887c95b3fc025a0ac2cf9369a5c8678376eaf680464,,
out/r170/source/zx279128s-idm.c,archive; may include upstream code and duplicate snapshots,5718,215,197,9cc28ffdc2f1e1be16bc8aff093c9e63e0b7746d8565f6bd4ae7f17f4c5c8ca9,,
out/r170/source/zx279128s-idm.h,archive; may include upstream code and duplicate snapshots,2313,63,57,adce2274432d57823bf2bf1ef03827c3f439e7cc6244043dfff87b50dec5f5da,,
out/r170/source/zx279128s-l3offload.c,archive; may include upstream code and duplicate snapshots,76435,2217,1963,53fd5a5f121790491a957a602fbc24bd9b15c73d99dd9dec12d9a44d1047fa91,,
out/r170/source/zx279128s-l3offload.h,archive; may include upstream code and duplicate snapshots,3415,118,102,327c131e44a6a0793727b895cfd728560ef1e87473854b3d1919ba5154d78a9f,,
out/r170/source/zx279128s-tm.c,archive; may include upstream code and duplicate snapshots,78196,2631,2299,ca196d20cbc8281496ed5ab8b56fd7f011f5e193e3ff1b0da0de1944442e731d,,
out/r170/source/zx279128s-tm.h,archive; may include upstream code and duplicate snapshots,1783,88,78,cbc364380557a8df120860888c3cd95c6537777191e8def8fffa976cfaada9b4,,
out/r170/source/zx279128s-wlan-fast.c,archive; may include upstream code and duplicate snapshots,19750,494,475,e20b902c2434537e169ce41f597650cec02d50249ce894fa2f73fe3f5d6c5ae9,,
out/r170/source/zx279128s-wlan-fast.h,archive; may include upstream code and duplicate snapshots,745,19,19,b822140923201cd6a5a95ef74945a5840c0bfa204997892a81384d28eab57116,,
out/r170/source/zx279128s-wlan-flow.c,archive; may include upstream code and duplicate snapshots,4952,143,135,e8d7e250244573681e8d1fc217e7f406d8ac4ae3f5dc0e761ebd54d7d852a4d0,,
out/r170/source/zx279128s-wlan-flow.h,archive; may include upstream code and duplicate snapshots,1109,30,29,14e0077e1a83020427c678663b17cba8e2256ec17d467c3895758ad7c0317f8c,,
out/r171/check-control.py,archive; may include upstream code and duplicate snapshots,3977,53,53,d4563f77e92e82c0f659b2c28607f4db8f9682edf82137707bb8e231f2988eb6,,
out/r171/check-data-lifecycle.py,archive; may include upstream code and duplicate snapshots,6347,77,77,79e03ee4de29426d4f5dec76d815b50333f1dba40c5690f30df95501b24fd7c6,,
out/r171/check-hardware.py,archive; may include upstream code and duplicate snapshots,5822,63,63,154c4dc878736a83c282fb99322addb20f1bb1e3c8c2c554abc0ced38b1651b3,,
out/r171/check-ingress.py,archive; may include upstream code and duplicate snapshots,9718,114,114,f655c035ec623e4ca0c557b6c43568fced7aa833503c15f0ca532bc79819a6c9,,
out/r171/check-lifetime.py,archive; may include upstream code and duplicate snapshots,7876,79,79,6f27c61c7bf20c9afbf961bf29c8f1d036a5485f4adad2e6dd18b50f601bcf77,,
out/r171/check-nat-resources.py,archive; may include upstream code and duplicate snapshots,5379,77,77,7cfa794db56fcbf4079b84637785a9d10b4321539aef07cdda526242a7047fef,,
out/r171/check-receive.py,archive; may include upstream code and duplicate snapshots,11819,134,134,fd3319591caf94ca9b1ac8f6f0be5d19d83cebc2602e5ce82cf15a0321934b8b,,
out/r171/check-remove.py,archive; may include upstream code and duplicate snapshots,2572,42,42,0cc2eab4d60915894b8d0d53c896df44406808f434e3903591c60088cb01422a,,
out/r171/check-reply.py,archive; may include upstream code and duplicate snapshots,3150,49,49,13bd11eb118ff8aa0e03f1c91746b2ca06cbd53663203a332e159fbbe4c1404e,,
out/r171/check-rx-allocation.py,archive; may include upstream code and duplicate snapshots,3001,60,60,2638f981d3474ff0c8ed3954276988c292c3e4c55a5241ab2907e50906de68d2,,
out/r171/check-validity.py,archive; may include upstream code and duplicate snapshots,3672,46,46,ed44bd560214d6b81850947cd0bde1df36df81ad4e518d3a1bdea401121f5e25,,
out/r171/control-test.c,archive; may include upstream code and duplicate snapshots,4851,88,85,898ca39bcfd323117f35210aff12e4a64de074e82a1dbde36066bf9e2ce2aa59,,
out/r171/data-lifecycle-test.c,archive; may include upstream code and duplicate snapshots,9958,180,176,36baeb19ae7c777b761f41e7708602f1a06d72533162ee4d81b249b2ab8c9318,,
out/r171/hardware-test.c,archive; may include upstream code and duplicate snapshots,9782,192,181,ad067ba341b5c46ec0816a1cc8960d7cbc61cca4c4a0f65ec1054a1a6e3039f0,,
out/r171/ingress-test.c,archive; may include upstream code and duplicate snapshots,12718,205,201,3b671edbea2fd8afa0f2f2dc1153e2fc55eb9ee99a7f7489cd1e84bc91d1fb81,,
out/r171/lifetime-test.c,archive; may include upstream code and duplicate snapshots,14431,279,267,3349f7645d4b7d2a30789fa227372cf1e79a62ad98dc5c5c191ca3f59eee5930,,
out/r171/nat-resources-test.c,archive; may include upstream code and duplicate snapshots,6932,146,137,354d580fb035664a33992042cf5856dff8e558d745736652ecbe1009bc4db403,,
out/r171/rebuild.sh,archive; may include upstream code and duplicate snapshots,3278,46,46,afc706676ba39f42ed2261790e5c5ec4f73aee6d589e7be684df32d2166a71f1,,
out/r171/receive-test.c,archive; may include upstream code and duplicate snapshots,17886,309,300,ad5f7b3dcb48f40fb41b99262793d54442a47385cef8b497ab28bf0a4c1fb975,,
out/r171/remove-test.c,archive; may include upstream code and duplicate snapshots,3117,68,64,953a7a8bcaeb566b1a9723f2966a88b479ffa831984357f60ee7859670ef6ab5,,
out/r171/reply-test.c,archive; may include upstream code and duplicate snapshots,3664,66,64,1f6a9cf76b91e2e864019d35b4ba2e6fca0d18b362ae4f8e9b4f5a99c5a92417,,
out/r171/rx-allocation-test.c,archive; may include upstream code and duplicate snapshots,2935,73,70,2c1850d5131e4e76f09e0ce19748b2bbf915a5b5ce03101725ff52844f69c83f,,
out/r171/validity-test.c,archive; may include upstream code and duplicate snapshots,4609,63,60,6579acedccb574a6c9d5614b5a2cecc053e66be344ce18596b1952a295b9bcc0,,
out/r171/verify-bidirectional.py,archive; may include upstream code and duplicate snapshots,2251,33,31,a5658a5cc3271e6062aa65a834fc107dc22490255c5e0a2ca0bac87fc52cfd5a,,
out/r171/verify-direct-stage.py,archive; may include upstream code and duplicate snapshots,2828,57,48,1edc5204b074e07b2011066514c004f2c84e4e53d42696bd576593417a9dcbaf,,
out/r171/verify-guard.py,archive; may include upstream code and duplicate snapshots,2344,42,41,9f5eea3303677da1b681a734e16a0bdb211eb16fcc04bae0e331495c304870aa,,
out/r171/verify-handoff.py,archive; may include upstream code and duplicate snapshots,3466,60,58,14255bbe7e545d27b8958392212dd2f777406f30c1d0f5ac451b682986ce179d,,
out/r171/verify-image.py,archive; may include upstream code and duplicate snapshots,6960,146,136,5cabf2cafd1ea250c22c8647337d0de2808c878f620c305e6413c85f6a8ba044,,
out/r171/verify-kernel.py,archive; may include upstream code and duplicate snapshots,4538,83,73,8cf38770e3bfdc3f517f8bb707cf439539f9c74268982fac5dca98d34986a0c8,,
out/r171/verify-station.py,archive; may include upstream code and duplicate snapshots,2829,46,46,7cd15ac1309c61ba7fd076362703daef32889de63dc29e6b11ec0e53eb0eb238,,
out/r171/source/160-h3601p-idm-station-lifetime.patch,archive; may include upstream code and duplicate snapshots,1876,51,50,9bfb77ec4a9fc912cdf48fa34e7b91c7533ce0176ae4887e1f9b570afc0844cd,34,0
out/r171/source/170-h3601p-normal-tx-worker.patch,archive; may include upstream code and duplicate snapshots,749,20,18,05b0a31ab7d8704b368e1c14a5831344eb3d550b0b80dcbcde2ad5cf0d1cbba0,10,0
out/r171/source/180-h3601p-direct-tx-final.patch,archive; may include upstream code and duplicate snapshots,10045,337,329,26b9e4a70d9dbc8788e2ae7b2aee91478c4c77a1c613769b29d357f7013caa4c,280,0
out/r171/source/180-h3601p-direct-tx-stage1.patch,archive; may include upstream code and duplicate snapshots,6393,217,209,bf885dea136d89d1b516d5b5e40a65781fd423e98b228a2f904ccc21f40e734f,158,1
out/r171/source/180-h3601p-direct-tx-stage2.patch,archive; may include upstream code and duplicate snapshots,9817,321,313,30de50ae3946623b48747b8a2a2f12d9665ddb155c51e24e2639e30abb61b030,262,1
out/r171/source/zx-idm-wlan.h,archive; may include upstream code and duplicate snapshots,604,15,13,31a6cd042749863663fa747a0cb2965199bc9b8d58141bc9ec2c4384544cc1c3,,
out/r171/source/zx279128s-idm-hw.c,archive; may include upstream code and duplicate snapshots,48201,1397,1344,eca33b57afd661af9753917a1ca8b92b479acc4eaa351d1d675fec38ea942c25,,
out/r171/source/zx279128s-idm-wlan.c,archive; may include upstream code and duplicate snapshots,4902,180,165,4c9b1d9f9553768c9a86f887c95b3fc025a0ac2cf9369a5c8678376eaf680464,,
out/r171/source/zx279128s-idm.c,archive; may include upstream code and duplicate snapshots,5718,215,197,9cc28ffdc2f1e1be16bc8aff093c9e63e0b7746d8565f6bd4ae7f17f4c5c8ca9,,
out/r171/source/zx279128s-idm.h,archive; may include upstream code and duplicate snapshots,2313,63,57,adce2274432d57823bf2bf1ef03827c3f439e7cc6244043dfff87b50dec5f5da,,
out/r171/source/zx279128s-l3offload.c,archive; may include upstream code and duplicate snapshots,76435,2217,1963,53fd5a5f121790491a957a602fbc24bd9b15c73d99dd9dec12d9a44d1047fa91,,
out/r171/source/zx279128s-l3offload.h,archive; may include upstream code and duplicate snapshots,3415,118,102,327c131e44a6a0793727b895cfd728560ef1e87473854b3d1919ba5154d78a9f,,
out/r171/source/zx279128s-tm.c,archive; may include upstream code and duplicate snapshots,78196,2631,2299,ca196d20cbc8281496ed5ab8b56fd7f011f5e193e3ff1b0da0de1944442e731d,,
out/r171/source/zx279128s-tm.h,archive; may include upstream code and duplicate snapshots,1783,88,78,cbc364380557a8df120860888c3cd95c6537777191e8def8fffa976cfaada9b4,,
out/r171/source/zx279128s-wlan-fast.c,archive; may include upstream code and duplicate snapshots,19750,494,475,e20b902c2434537e169ce41f597650cec02d50249ce894fa2f73fe3f5d6c5ae9,,
out/r171/source/zx279128s-wlan-fast.h,archive; may include upstream code and duplicate snapshots,745,19,19,b822140923201cd6a5a95ef74945a5840c0bfa204997892a81384d28eab57116,,
out/r171/source/zx279128s-wlan-flow.c,archive; may include upstream code and duplicate snapshots,4952,143,135,e8d7e250244573681e8d1fc217e7f406d8ac4ae3f5dc0e761ebd54d7d852a4d0,,
out/r171/source/zx279128s-wlan-flow.h,archive; may include upstream code and duplicate snapshots,1109,30,29,14e0077e1a83020427c678663b17cba8e2256ec17d467c3895758ad7c0317f8c,,
out/r172/check-control.py,archive; may include upstream code and duplicate snapshots,3977,53,53,d4563f77e92e82c0f659b2c28607f4db8f9682edf82137707bb8e231f2988eb6,,
out/r172/check-data-lifecycle.py,archive; may include upstream code and duplicate snapshots,6347,77,77,79e03ee4de29426d4f5dec76d815b50333f1dba40c5690f30df95501b24fd7c6,,
out/r172/check-hardware.py,archive; may include upstream code and duplicate snapshots,5822,63,63,154c4dc878736a83c282fb99322addb20f1bb1e3c8c2c554abc0ced38b1651b3,,
out/r172/check-ingress.py,archive; may include upstream code and duplicate snapshots,9718,114,114,f655c035ec623e4ca0c557b6c43568fced7aa833503c15f0ca532bc79819a6c9,,
out/r172/check-lifetime.py,archive; may include upstream code and duplicate snapshots,7876,79,79,6f27c61c7bf20c9afbf961bf29c8f1d036a5485f4adad2e6dd18b50f601bcf77,,
out/r172/check-nat-resources.py,archive; may include upstream code and duplicate snapshots,5379,77,77,7cfa794db56fcbf4079b84637785a9d10b4321539aef07cdda526242a7047fef,,
out/r172/check-receive.py,archive; may include upstream code and duplicate snapshots,11819,134,134,fd3319591caf94ca9b1ac8f6f0be5d19d83cebc2602e5ce82cf15a0321934b8b,,
out/r172/check-remove.py,archive; may include upstream code and duplicate snapshots,2572,42,42,0cc2eab4d60915894b8d0d53c896df44406808f434e3903591c60088cb01422a,,
out/r172/check-reply.py,archive; may include upstream code and duplicate snapshots,3150,49,49,13bd11eb118ff8aa0e03f1c91746b2ca06cbd53663203a332e159fbbe4c1404e,,
out/r172/check-rx-allocation.py,archive; may include upstream code and duplicate snapshots,3001,60,60,2638f981d3474ff0c8ed3954276988c292c3e4c55a5241ab2907e50906de68d2,,
out/r172/check-validity.py,archive; may include upstream code and duplicate snapshots,3672,46,46,ed44bd560214d6b81850947cd0bde1df36df81ad4e518d3a1bdea401121f5e25,,
out/r172/control-test.c,archive; may include upstream code and duplicate snapshots,4851,88,85,898ca39bcfd323117f35210aff12e4a64de074e82a1dbde36066bf9e2ce2aa59,,
out/r172/data-lifecycle-test.c,archive; may include upstream code and duplicate snapshots,9958,180,176,36baeb19ae7c777b761f41e7708602f1a06d72533162ee4d81b249b2ab8c9318,,
out/r172/hardware-test.c,archive; may include upstream code and duplicate snapshots,9782,192,181,ad067ba341b5c46ec0816a1cc8960d7cbc61cca4c4a0f65ec1054a1a6e3039f0,,
out/r172/ingress-test.c,archive; may include upstream code and duplicate snapshots,12718,205,201,3b671edbea2fd8afa0f2f2dc1153e2fc55eb9ee99a7f7489cd1e84bc91d1fb81,,
out/r172/lifetime-test.c,archive; may include upstream code and duplicate snapshots,14431,279,267,3349f7645d4b7d2a30789fa227372cf1e79a62ad98dc5c5c191ca3f59eee5930,,
out/r172/nat-resources-test.c,archive; may include upstream code and duplicate snapshots,6932,146,137,354d580fb035664a33992042cf5856dff8e558d745736652ecbe1009bc4db403,,
out/r172/rebuild.sh,archive; may include upstream code and duplicate snapshots,3751,52,52,c2f17f339a5bca001ebaee57ae305357903b8279ee03309e9047b9e2ade4691d,,
out/r172/receive-test.c,archive; may include upstream code and duplicate snapshots,17886,309,300,ad5f7b3dcb48f40fb41b99262793d54442a47385cef8b497ab28bf0a4c1fb975,,
out/r172/remove-test.c,archive; may include upstream code and duplicate snapshots,3117,68,64,953a7a8bcaeb566b1a9723f2966a88b479ffa831984357f60ee7859670ef6ab5,,
out/r172/reply-test.c,archive; may include upstream code and duplicate snapshots,3664,66,64,1f6a9cf76b91e2e864019d35b4ba2e6fca0d18b362ae4f8e9b4f5a99c5a92417,,
out/r172/rx-allocation-test.c,archive; may include upstream code and duplicate snapshots,2935,73,70,2c1850d5131e4e76f09e0ce19748b2bbf915a5b5ce03101725ff52844f69c83f,,
out/r172/validity-test.c,archive; may include upstream code and duplicate snapshots,4609,63,60,6579acedccb574a6c9d5614b5a2cecc053e66be344ce18596b1952a295b9bcc0,,
out/r172/verify-bidirectional.py,archive; may include upstream code and duplicate snapshots,2251,33,31,a5658a5cc3271e6062aa65a834fc107dc22490255c5e0a2ca0bac87fc52cfd5a,,
out/r172/verify-direct-integration.py,archive; may include upstream code and duplicate snapshots,2502,53,44,99b330e7c1615d0f12873cf006b30921ff6253e0efb2c239441b80179f15822c,,
out/r172/verify-direct-stage.py,archive; may include upstream code and duplicate snapshots,2828,57,48,1edc5204b074e07b2011066514c004f2c84e4e53d42696bd576593417a9dcbaf,,
out/r172/verify-guard.py,archive; may include upstream code and duplicate snapshots,2344,42,41,9f5eea3303677da1b681a734e16a0bdb211eb16fcc04bae0e331495c304870aa,,
out/r172/verify-handoff.py,archive; may include upstream code and duplicate snapshots,3466,60,58,14255bbe7e545d27b8958392212dd2f777406f30c1d0f5ac451b682986ce179d,,
out/r172/verify-image.py,archive; may include upstream code and duplicate snapshots,6960,146,136,5cabf2cafd1ea250c22c8647337d0de2808c878f620c305e6413c85f6a8ba044,,
out/r172/verify-kernel.py,archive; may include upstream code and duplicate snapshots,4538,83,73,8cf38770e3bfdc3f517f8bb707cf439539f9c74268982fac5dca98d34986a0c8,,
out/r172/verify-station.py,archive; may include upstream code and duplicate snapshots,2829,46,46,7cd15ac1309c61ba7fd076362703daef32889de63dc29e6b11ec0e53eb0eb238,,
out/r172/source/160-h3601p-idm-station-lifetime.patch,archive; may include upstream code and duplicate snapshots,1876,51,50,9bfb77ec4a9fc912cdf48fa34e7b91c7533ce0176ae4887e1f9b570afc0844cd,34,0
out/r172/source/170-h3601p-normal-tx-worker.patch,archive; may include upstream code and duplicate snapshots,749,20,18,05b0a31ab7d8704b368e1c14a5831344eb3d550b0b80dcbcde2ad5cf0d1cbba0,10,0
out/r172/source/180-h3601p-direct-tx-final.patch,archive; may include upstream code and duplicate snapshots,10045,337,329,26b9e4a70d9dbc8788e2ae7b2aee91478c4c77a1c613769b29d357f7013caa4c,280,0
out/r172/source/180-h3601p-direct-tx-stage1.patch,archive; may include upstream code and duplicate snapshots,6393,217,209,bf885dea136d89d1b516d5b5e40a65781fd423e98b228a2f904ccc21f40e734f,158,1
out/r172/source/180-h3601p-direct-tx-stage2.patch,archive; may include upstream code and duplicate snapshots,9817,321,313,30de50ae3946623b48747b8a2a2f12d9665ddb155c51e24e2639e30abb61b030,262,1
out/r172/source/181-h3601p-idm-direct-tx.patch,archive; may include upstream code and duplicate snapshots,4579,159,154,47e7afba01f15fa011f69ec01d363d10194f15bc83a9d83c7e8a08fb75e97a30,125,0
out/r172/source/zx-idm-wlan.h,archive; may include upstream code and duplicate snapshots,1020,24,21,a8f5a45430077e4ec58ba430f7cbecad58d8f64d01b984eba1f6dbf5e8252f3f,,
out/r172/source/zx279128s-idm-hw.c,archive; may include upstream code and duplicate snapshots,48201,1397,1344,eca33b57afd661af9753917a1ca8b92b479acc4eaa351d1d675fec38ea942c25,,
out/r172/source/zx279128s-idm-wlan.c,archive; may include upstream code and duplicate snapshots,4902,180,165,4c9b1d9f9553768c9a86f887c95b3fc025a0ac2cf9369a5c8678376eaf680464,,
out/r172/source/zx279128s-idm.c,archive; may include upstream code and duplicate snapshots,5718,215,197,9cc28ffdc2f1e1be16bc8aff093c9e63e0b7746d8565f6bd4ae7f17f4c5c8ca9,,
out/r172/source/zx279128s-idm.h,archive; may include upstream code and duplicate snapshots,2313,63,57,adce2274432d57823bf2bf1ef03827c3f439e7cc6244043dfff87b50dec5f5da,,
out/r172/source/zx279128s-l3offload.c,archive; may include upstream code and duplicate snapshots,76435,2217,1963,53fd5a5f121790491a957a602fbc24bd9b15c73d99dd9dec12d9a44d1047fa91,,
out/r172/source/zx279128s-l3offload.h,archive; may include upstream code and duplicate snapshots,3415,118,102,327c131e44a6a0793727b895cfd728560ef1e87473854b3d1919ba5154d78a9f,,
out/r172/source/zx279128s-tm.c,archive; may include upstream code and duplicate snapshots,78196,2631,2299,ca196d20cbc8281496ed5ab8b56fd7f011f5e193e3ff1b0da0de1944442e731d,,
out/r172/source/zx279128s-tm.h,archive; may include upstream code and duplicate snapshots,1783,88,78,cbc364380557a8df120860888c3cd95c6537777191e8def8fffa976cfaada9b4,,
out/r172/source/zx279128s-wlan-fast.c,archive; may include upstream code and duplicate snapshots,20707,523,504,11cf96e698d85ea0451a14f4b2f8a6d2c318afcaab32929340d9e74199797ffc,,
out/r172/source/zx279128s-wlan-fast.h,archive; may include upstream code and duplicate snapshots,745,19,19,b822140923201cd6a5a95ef74945a5840c0bfa204997892a81384d28eab57116,,
out/r172/source/zx279128s-wlan-flow.c,archive; may include upstream code and duplicate snapshots,4952,143,135,e8d7e250244573681e8d1fc217e7f406d8ac4ae3f5dc0e761ebd54d7d852a4d0,,
out/r172/source/zx279128s-wlan-flow.h,archive; may include upstream code and duplicate snapshots,1109,30,29,14e0077e1a83020427c678663b17cba8e2256ec17d467c3895758ad7c0317f8c,,
out/r173/check-control.py,archive; may include upstream code and duplicate snapshots,3977,53,53,d4563f77e92e82c0f659b2c28607f4db8f9682edf82137707bb8e231f2988eb6,,
out/r173/check-data-lifecycle.py,archive; may include upstream code and duplicate snapshots,6347,77,77,79e03ee4de29426d4f5dec76d815b50333f1dba40c5690f30df95501b24fd7c6,,
out/r173/check-hardware.py,archive; may include upstream code and duplicate snapshots,5822,63,63,154c4dc878736a83c282fb99322addb20f1bb1e3c8c2c554abc0ced38b1651b3,,
out/r173/check-ingress.py,archive; may include upstream code and duplicate snapshots,9718,114,114,f655c035ec623e4ca0c557b6c43568fced7aa833503c15f0ca532bc79819a6c9,,
out/r173/check-lifetime.py,archive; may include upstream code and duplicate snapshots,7876,79,79,6f27c61c7bf20c9afbf961bf29c8f1d036a5485f4adad2e6dd18b50f601bcf77,,
out/r173/check-nat-resources.py,archive; may include upstream code and duplicate snapshots,5379,77,77,7cfa794db56fcbf4079b84637785a9d10b4321539aef07cdda526242a7047fef,,
out/r173/check-receive.py,archive; may include upstream code and duplicate snapshots,11819,134,134,fd3319591caf94ca9b1ac8f6f0be5d19d83cebc2602e5ce82cf15a0321934b8b,,
out/r173/check-remove.py,archive; may include upstream code and duplicate snapshots,2572,42,42,0cc2eab4d60915894b8d0d53c896df44406808f434e3903591c60088cb01422a,,
out/r173/check-reply.py,archive; may include upstream code and duplicate snapshots,3150,49,49,13bd11eb118ff8aa0e03f1c91746b2ca06cbd53663203a332e159fbbe4c1404e,,
out/r173/check-rx-allocation.py,archive; may include upstream code and duplicate snapshots,3001,60,60,2638f981d3474ff0c8ed3954276988c292c3e4c55a5241ab2907e50906de68d2,,
out/r173/check-validity.py,archive; may include upstream code and duplicate snapshots,3672,46,46,ed44bd560214d6b81850947cd0bde1df36df81ad4e518d3a1bdea401121f5e25,,
out/r173/control-test.c,archive; may include upstream code and duplicate snapshots,4851,88,85,898ca39bcfd323117f35210aff12e4a64de074e82a1dbde36066bf9e2ce2aa59,,
out/r173/data-lifecycle-test.c,archive; may include upstream code and duplicate snapshots,9958,180,176,36baeb19ae7c777b761f41e7708602f1a06d72533162ee4d81b249b2ab8c9318,,
out/r173/hardware-test.c,archive; may include upstream code and duplicate snapshots,9782,192,181,ad067ba341b5c46ec0816a1cc8960d7cbc61cca4c4a0f65ec1054a1a6e3039f0,,
out/r173/ingress-test.c,archive; may include upstream code and duplicate snapshots,12718,205,201,3b671edbea2fd8afa0f2f2dc1153e2fc55eb9ee99a7f7489cd1e84bc91d1fb81,,
out/r173/lifetime-test.c,archive; may include upstream code and duplicate snapshots,14431,279,267,3349f7645d4b7d2a30789fa227372cf1e79a62ad98dc5c5c191ca3f59eee5930,,
out/r173/nat-resources-test.c,archive; may include upstream code and duplicate snapshots,6932,146,137,354d580fb035664a33992042cf5856dff8e558d745736652ecbe1009bc4db403,,
out/r173/rebuild.sh,archive; may include upstream code and duplicate snapshots,3751,52,52,306bb0db8f4e8d7319712cc827b3954f4dbfab5864ff9045e0e3e9b7044cde7f,,
out/r173/receive-test.c,archive; may include upstream code and duplicate snapshots,17886,309,300,ad5f7b3dcb48f40fb41b99262793d54442a47385cef8b497ab28bf0a4c1fb975,,
out/r173/remove-test.c,archive; may include upstream code and duplicate snapshots,3117,68,64,953a7a8bcaeb566b1a9723f2966a88b479ffa831984357f60ee7859670ef6ab5,,
out/r173/reply-test.c,archive; may include upstream code and duplicate snapshots,3664,66,64,1f6a9cf76b91e2e864019d35b4ba2e6fca0d18b362ae4f8e9b4f5a99c5a92417,,
out/r173/rx-allocation-test.c,archive; may include upstream code and duplicate snapshots,2935,73,70,2c1850d5131e4e76f09e0ce19748b2bbf915a5b5ce03101725ff52844f69c83f,,
out/r173/validity-test.c,archive; may include upstream code and duplicate snapshots,4609,63,60,6579acedccb574a6c9d5614b5a2cecc053e66be344ce18596b1952a295b9bcc0,,
out/r173/verify-bidirectional.py,archive; may include upstream code and duplicate snapshots,2251,33,31,a5658a5cc3271e6062aa65a834fc107dc22490255c5e0a2ca0bac87fc52cfd5a,,
out/r173/verify-direct-integration.py,archive; may include upstream code and duplicate snapshots,3045,61,52,98953c95d531c77e246216e4a42fac424356cea419a0ab2601ff63aa23a58fcc,,
out/r173/verify-direct-stage.py,archive; may include upstream code and duplicate snapshots,2828,57,48,1edc5204b074e07b2011066514c004f2c84e4e53d42696bd576593417a9dcbaf,,
out/r173/verify-guard.py,archive; may include upstream code and duplicate snapshots,2344,42,41,9f5eea3303677da1b681a734e16a0bdb211eb16fcc04bae0e331495c304870aa,,
out/r173/verify-handoff.py,archive; may include upstream code and duplicate snapshots,3466,60,58,14255bbe7e545d27b8958392212dd2f777406f30c1d0f5ac451b682986ce179d,,
out/r173/verify-image.py,archive; may include upstream code and duplicate snapshots,6960,146,136,5cabf2cafd1ea250c22c8647337d0de2808c878f620c305e6413c85f6a8ba044,,
out/r173/verify-kernel.py,archive; may include upstream code and duplicate snapshots,4538,83,73,8cf38770e3bfdc3f517f8bb707cf439539f9c74268982fac5dca98d34986a0c8,,
out/r173/verify-station.py,archive; may include upstream code and duplicate snapshots,2829,46,46,7cd15ac1309c61ba7fd076362703daef32889de63dc29e6b11ec0e53eb0eb238,,
out/r173/source/160-h3601p-idm-station-lifetime.patch,archive; may include upstream code and duplicate snapshots,1876,51,50,9bfb77ec4a9fc912cdf48fa34e7b91c7533ce0176ae4887e1f9b570afc0844cd,34,0
out/r173/source/170-h3601p-normal-tx-worker.patch,archive; may include upstream code and duplicate snapshots,749,20,18,05b0a31ab7d8704b368e1c14a5831344eb3d550b0b80dcbcde2ad5cf0d1cbba0,10,0
out/r173/source/180-h3601p-direct-tx-final.patch,archive; may include upstream code and duplicate snapshots,10045,337,329,26b9e4a70d9dbc8788e2ae7b2aee91478c4c77a1c613769b29d357f7013caa4c,280,0
out/r173/source/180-h3601p-direct-tx-stage1.patch,archive; may include upstream code and duplicate snapshots,6393,217,209,bf885dea136d89d1b516d5b5e40a65781fd423e98b228a2f904ccc21f40e734f,158,1
out/r173/source/180-h3601p-direct-tx-stage2.patch,archive; may include upstream code and duplicate snapshots,9817,321,313,30de50ae3946623b48747b8a2a2f12d9665ddb155c51e24e2639e30abb61b030,262,1
out/r173/source/181-h3601p-idm-direct-tx.patch,archive; may include upstream code and duplicate snapshots,4579,159,154,47e7afba01f15fa011f69ec01d363d10194f15bc83a9d83c7e8a08fb75e97a30,125,0
out/r173/source/182-h3601p-direct-aql-bypass.patch,archive; may include upstream code and duplicate snapshots,1747,56,53,f4dd1c3b48c975c2edb2d3e30122a4da6ab43ba76312c0a204ce148295821621,13,5
out/r173/source/zx-idm-wlan.h,archive; may include upstream code and duplicate snapshots,1020,24,21,a8f5a45430077e4ec58ba430f7cbecad58d8f64d01b984eba1f6dbf5e8252f3f,,
out/r173/source/zx279128s-idm-hw.c,archive; may include upstream code and duplicate snapshots,48201,1397,1344,eca33b57afd661af9753917a1ca8b92b479acc4eaa351d1d675fec38ea942c25,,
out/r173/source/zx279128s-idm-wlan.c,archive; may include upstream code and duplicate snapshots,4902,180,165,4c9b1d9f9553768c9a86f887c95b3fc025a0ac2cf9369a5c8678376eaf680464,,
out/r173/source/zx279128s-idm.c,archive; may include upstream code and duplicate snapshots,5718,215,197,9cc28ffdc2f1e1be16bc8aff093c9e63e0b7746d8565f6bd4ae7f17f4c5c8ca9,,
out/r173/source/zx279128s-idm.h,archive; may include upstream code and duplicate snapshots,2313,63,57,adce2274432d57823bf2bf1ef03827c3f439e7cc6244043dfff87b50dec5f5da,,
out/r173/source/zx279128s-l3offload.c,archive; may include upstream code and duplicate snapshots,76435,2217,1963,53fd5a5f121790491a957a602fbc24bd9b15c73d99dd9dec12d9a44d1047fa91,,
out/r173/source/zx279128s-l3offload.h,archive; may include upstream code and duplicate snapshots,3415,118,102,327c131e44a6a0793727b895cfd728560ef1e87473854b3d1919ba5154d78a9f,,
out/r173/source/zx279128s-tm.c,archive; may include upstream code and duplicate snapshots,78196,2631,2299,ca196d20cbc8281496ed5ab8b56fd7f011f5e193e3ff1b0da0de1944442e731d,,
out/r173/source/zx279128s-tm.h,archive; may include upstream code and duplicate snapshots,1783,88,78,cbc364380557a8df120860888c3cd95c6537777191e8def8fffa976cfaada9b4,,
out/r173/source/zx279128s-wlan-fast.c,archive; may include upstream code and duplicate snapshots,20707,523,504,11cf96e698d85ea0451a14f4b2f8a6d2c318afcaab32929340d9e74199797ffc,,
out/r173/source/zx279128s-wlan-fast.h,archive; may include upstream code and duplicate snapshots,745,19,19,b822140923201cd6a5a95ef74945a5840c0bfa204997892a81384d28eab57116,,
out/r173/source/zx279128s-wlan-flow.c,archive; may include upstream code and duplicate snapshots,4952,143,135,e8d7e250244573681e8d1fc217e7f406d8ac4ae3f5dc0e761ebd54d7d852a4d0,,
out/r173/source/zx279128s-wlan-flow.h,archive; may include upstream code and duplicate snapshots,1109,30,29,14e0077e1a83020427c678663b17cba8e2256ec17d467c3895758ad7c0317f8c,,
out/r174/check-control.py,archive; may include upstream code and duplicate snapshots,3977,53,53,d4563f77e92e82c0f659b2c28607f4db8f9682edf82137707bb8e231f2988eb6,,
out/r174/check-data-lifecycle.py,archive; may include upstream code and duplicate snapshots,6347,77,77,79e03ee4de29426d4f5dec76d815b50333f1dba40c5690f30df95501b24fd7c6,,
out/r174/check-hardware.py,archive; may include upstream code and duplicate snapshots,6125,66,66,5a21cd4820a4b17d1529f3f65cf56812ec4c87f4f03c25bd9be888ab7ce411d8,,
out/r174/check-ingress.py,archive; may include upstream code and duplicate snapshots,9718,114,114,f655c035ec623e4ca0c557b6c43568fced7aa833503c15f0ca532bc79819a6c9,,
out/r174/check-lifetime.py,archive; may include upstream code and duplicate snapshots,7876,79,79,6f27c61c7bf20c9afbf961bf29c8f1d036a5485f4adad2e6dd18b50f601bcf77,,
out/r174/check-nat-resources.py,archive; may include upstream code and duplicate snapshots,5379,77,77,7cfa794db56fcbf4079b84637785a9d10b4321539aef07cdda526242a7047fef,,
out/r174/check-receive.py,archive; may include upstream code and duplicate snapshots,11819,134,134,fd3319591caf94ca9b1ac8f6f0be5d19d83cebc2602e5ce82cf15a0321934b8b,,
out/r174/check-recycle.py,archive; may include upstream code and duplicate snapshots,2583,49,42,7470a76702d69445b02da5a964afd7c0136fe7738dc74b3ac66fe31251a4bd5b,,
out/r174/check-remove.py,archive; may include upstream code and duplicate snapshots,2572,42,42,0cc2eab4d60915894b8d0d53c896df44406808f434e3903591c60088cb01422a,,
out/r174/check-reply.py,archive; may include upstream code and duplicate snapshots,3150,49,49,13bd11eb118ff8aa0e03f1c91746b2ca06cbd53663203a332e159fbbe4c1404e,,
out/r174/check-rx-allocation.py,archive; may include upstream code and duplicate snapshots,3001,60,60,2638f981d3474ff0c8ed3954276988c292c3e4c55a5241ab2907e50906de68d2,,
out/r174/check-validity.py,archive; may include upstream code and duplicate snapshots,3672,46,46,ed44bd560214d6b81850947cd0bde1df36df81ad4e518d3a1bdea401121f5e25,,
out/r174/control-test.c,archive; may include upstream code and duplicate snapshots,5070,96,93,be74d3d5481079ea5bd1a98568701d9d6d4363216afddb13585a09651fdb7fb9,,
out/r174/data-lifecycle-test.c,archive; may include upstream code and duplicate snapshots,9958,180,176,36baeb19ae7c777b761f41e7708602f1a06d72533162ee4d81b249b2ab8c9318,,
out/r174/hardware-test.c,archive; may include upstream code and duplicate snapshots,11979,264,249,038934119d4cba8c1a670ab27652e56741747b3c26dbaa83c3efb88221957be0,,
out/r174/ingress-test.c,archive; may include upstream code and duplicate snapshots,12718,205,201,3b671edbea2fd8afa0f2f2dc1153e2fc55eb9ee99a7f7489cd1e84bc91d1fb81,,
out/r174/lifetime-test.c,archive; may include upstream code and duplicate snapshots,16025,334,321,02039fc011d23173ba07bae2fe284ebbb0bd78b981f3cf04cd0110d867920aa3,,
out/r174/nat-resources-test.c,archive; may include upstream code and duplicate snapshots,6932,146,137,354d580fb035664a33992042cf5856dff8e558d745736652ecbe1009bc4db403,,
out/r174/rebuild.sh,archive; may include upstream code and duplicate snapshots,3884,56,56,4f308f2edffa81e9f3bc9f1c643cce8b46fd6ffd0fed67b08b2f52cf7b7a172a,,
out/r174/receive-test.c,archive; may include upstream code and duplicate snapshots,18270,327,318,836a36e38ed2d8751602517b7ecf23d4024a2572e9d5841a5dc5a92e6478b6f6,,
out/r174/remove-test.c,archive; may include upstream code and duplicate snapshots,3117,68,64,953a7a8bcaeb566b1a9723f2966a88b479ffa831984357f60ee7859670ef6ab5,,
out/r174/reply-test.c,archive; may include upstream code and duplicate snapshots,3664,66,64,1f6a9cf76b91e2e864019d35b4ba2e6fca0d18b362ae4f8e9b4f5a99c5a92417,,
out/r174/rx-allocation-test.c,archive; may include upstream code and duplicate snapshots,2935,73,70,2c1850d5131e4e76f09e0ce19748b2bbf915a5b5ce03101725ff52844f69c83f,,
out/r174/validity-test.c,archive; may include upstream code and duplicate snapshots,4539,62,59,03ca88fdaa9ab902689e3694c462c12f4b57a383519f0981cbff76d617e7afec,,
out/r174/verify-bidirectional.py,archive; may include upstream code and duplicate snapshots,2251,33,31,a5658a5cc3271e6062aa65a834fc107dc22490255c5e0a2ca0bac87fc52cfd5a,,
out/r174/verify-direct-integration.py,archive; may include upstream code and duplicate snapshots,3045,61,52,98953c95d531c77e246216e4a42fac424356cea419a0ab2601ff63aa23a58fcc,,
out/r174/verify-direct-stage.py,archive; may include upstream code and duplicate snapshots,2828,57,48,1edc5204b074e07b2011066514c004f2c84e4e53d42696bd576593417a9dcbaf,,
out/r174/verify-guard.py,archive; may include upstream code and duplicate snapshots,2344,42,41,9f5eea3303677da1b681a734e16a0bdb211eb16fcc04bae0e331495c304870aa,,
out/r174/verify-handoff.py,archive; may include upstream code and duplicate snapshots,3466,60,58,14255bbe7e545d27b8958392212dd2f777406f30c1d0f5ac451b682986ce179d,,
out/r174/verify-image.py,archive; may include upstream code and duplicate snapshots,6960,146,136,5cabf2cafd1ea250c22c8647337d0de2808c878f620c305e6413c85f6a8ba044,,
out/r174/verify-kernel.py,archive; may include upstream code and duplicate snapshots,4538,83,73,8cf38770e3bfdc3f517f8bb707cf439539f9c74268982fac5dca98d34986a0c8,,
out/r174/verify-station.py,archive; may include upstream code and duplicate snapshots,2829,46,46,7cd15ac1309c61ba7fd076362703daef32889de63dc29e6b11ec0e53eb0eb238,,
out/r174/source/140-mt76-h3601p-fw-irq-poll.patch,archive; may include upstream code and duplicate snapshots,20657,731,645,9e583b25c1bb20005a820b13f72bc529fc4747d19e92cc591cc033e425b5cfd3,296,24
out/r174/source/150-h3601p-stock-pcie-l2-guard.patch,archive; may include upstream code and duplicate snapshots,2130,86,75,70df64487fe885ad002382ab7c24415274b3c11a5123941073d86a341aba2c74,15,7
out/r174/source/160-h3601p-idm-station-lifetime.patch,archive; may include upstream code and duplicate snapshots,1876,51,50,9bfb77ec4a9fc912cdf48fa34e7b91c7533ce0176ae4887e1f9b570afc0844cd,34,0
out/r174/source/170-h3601p-normal-tx-worker.patch,archive; may include upstream code and duplicate snapshots,749,20,18,05b0a31ab7d8704b368e1c14a5831344eb3d550b0b80dcbcde2ad5cf0d1cbba0,10,0
out/r174/source/180-h3601p-direct-tx-final.patch,archive; may include upstream code and duplicate snapshots,10045,337,329,26b9e4a70d9dbc8788e2ae7b2aee91478c4c77a1c613769b29d357f7013caa4c,280,0
out/r174/source/180-h3601p-direct-tx-stage1.patch,archive; may include upstream code and duplicate snapshots,10045,337,329,26b9e4a70d9dbc8788e2ae7b2aee91478c4c77a1c613769b29d357f7013caa4c,280,0
out/r174/source/180-h3601p-direct-tx-stage2.patch,archive; may include upstream code and duplicate snapshots,9817,321,313,30de50ae3946623b48747b8a2a2f12d9665ddb155c51e24e2639e30abb61b030,262,1
out/r174/source/181-h3601p-idm-direct-tx.patch,archive; may include upstream code and duplicate snapshots,4579,159,154,47e7afba01f15fa011f69ec01d363d10194f15bc83a9d83c7e8a08fb75e97a30,125,0
out/r174/source/182-h3601p-direct-aql-bypass.patch,archive; may include upstream code and duplicate snapshots,1747,56,53,f4dd1c3b48c975c2edb2d3e30122a4da6ab43ba76312c0a204ce148295821621,13,5
out/r174/source/zx-idm-wlan.h,archive; may include upstream code and duplicate snapshots,1020,24,21,a8f5a45430077e4ec58ba430f7cbecad58d8f64d01b984eba1f6dbf5e8252f3f,,
out/r174/source/zx279128s-idm-hw.c,archive; may include upstream code and duplicate snapshots,48201,1397,1344,eca33b57afd661af9753917a1ca8b92b479acc4eaa351d1d675fec38ea942c25,,
out/r174/source/zx279128s-idm-wlan.c,archive; may include upstream code and duplicate snapshots,4902,180,165,4c9b1d9f9553768c9a86f887c95b3fc025a0ac2cf9369a5c8678376eaf680464,,
out/r174/source/zx279128s-idm.c,archive; may include upstream code and duplicate snapshots,5718,215,197,9cc28ffdc2f1e1be16bc8aff093c9e63e0b7746d8565f6bd4ae7f17f4c5c8ca9,,
out/r174/source/zx279128s-idm.h,archive; may include upstream code and duplicate snapshots,2313,63,57,adce2274432d57823bf2bf1ef03827c3f439e7cc6244043dfff87b50dec5f5da,,
out/r174/source/zx279128s-l3offload.c,archive; may include upstream code and duplicate snapshots,78176,2279,2023,23002eec42605113f0a216c15ab23bce305c83c3a049fb124596a95dfaf72940,,
out/r174/source/zx279128s-l3offload.h,archive; may include upstream code and duplicate snapshots,3415,118,102,327c131e44a6a0793727b895cfd728560ef1e87473854b3d1919ba5154d78a9f,,
out/r174/source/zx279128s-tm.c,archive; may include upstream code and duplicate snapshots,78196,2631,2299,ca196d20cbc8281496ed5ab8b56fd7f011f5e193e3ff1b0da0de1944442e731d,,
out/r174/source/zx279128s-tm.h,archive; may include upstream code and duplicate snapshots,1783,88,78,cbc364380557a8df120860888c3cd95c6537777191e8def8fffa976cfaada9b4,,
out/r174/source/zx279128s-wlan-fast.c,archive; may include upstream code and duplicate snapshots,22792,595,574,68e0d9b3ee49eef4d342060c79ea6c8b192d7c3f27b7ca4a3210b4d4df03a3b2,,
out/r174/source/zx279128s-wlan-fast.h,archive; may include upstream code and duplicate snapshots,781,20,20,d1578d6ede6170452f4370e3a6017cac0f98b1803fff2e9571a6a15f54993593,,
out/r174/source/zx279128s-wlan-flow.c,archive; may include upstream code and duplicate snapshots,4952,143,135,e8d7e250244573681e8d1fc217e7f406d8ac4ae3f5dc0e761ebd54d7d852a4d0,,
out/r174/source/zx279128s-wlan-flow.h,archive; may include upstream code and duplicate snapshots,1109,30,29,14e0077e1a83020427c678663b17cba8e2256ec17d467c3895758ad7c0317f8c,,
out/r175/check-admission.py,archive; may include upstream code and duplicate snapshots,888,17,17,1ad2a4be1c254c89cc8fa9726dc739f569a261122329ddbe855fc1afa2428d68,,
out/r175/check-control.py,archive; may include upstream code and duplicate snapshots,3977,53,53,d4563f77e92e82c0f659b2c28607f4db8f9682edf82137707bb8e231f2988eb6,,
out/r175/check-data-lifecycle.py,archive; may include upstream code and duplicate snapshots,6347,77,77,79e03ee4de29426d4f5dec76d815b50333f1dba40c5690f30df95501b24fd7c6,,
out/r175/check-hardware.py,archive; may include upstream code and duplicate snapshots,6125,66,66,5a21cd4820a4b17d1529f3f65cf56812ec4c87f4f03c25bd9be888ab7ce411d8,,
out/r175/check-ingress.py,archive; may include upstream code and duplicate snapshots,9718,114,114,f655c035ec623e4ca0c557b6c43568fced7aa833503c15f0ca532bc79819a6c9,,
out/r175/check-lifetime.py,archive; may include upstream code and duplicate snapshots,7876,79,79,6f27c61c7bf20c9afbf961bf29c8f1d036a5485f4adad2e6dd18b50f601bcf77,,
out/r175/check-nat-resources.py,archive; may include upstream code and duplicate snapshots,5379,77,77,7cfa794db56fcbf4079b84637785a9d10b4321539aef07cdda526242a7047fef,,
out/r175/check-receive.py,archive; may include upstream code and duplicate snapshots,11819,134,134,fd3319591caf94ca9b1ac8f6f0be5d19d83cebc2602e5ce82cf15a0321934b8b,,
out/r175/check-recycle.py,archive; may include upstream code and duplicate snapshots,2848,54,47,97b784d2464c519a2e82e9c03ff41acd643793f7ef98c59024fd22fbdce18f50,,
out/r175/check-remove.py,archive; may include upstream code and duplicate snapshots,2572,42,42,0cc2eab4d60915894b8d0d53c896df44406808f434e3903591c60088cb01422a,,
out/r175/check-reply.py,archive; may include upstream code and duplicate snapshots,3150,49,49,13bd11eb118ff8aa0e03f1c91746b2ca06cbd53663203a332e159fbbe4c1404e,,
out/r175/check-rx-allocation.py,archive; may include upstream code and duplicate snapshots,3001,60,60,2638f981d3474ff0c8ed3954276988c292c3e4c55a5241ab2907e50906de68d2,,
out/r175/check-validity.py,archive; may include upstream code and duplicate snapshots,3672,46,46,ed44bd560214d6b81850947cd0bde1df36df81ad4e518d3a1bdea401121f5e25,,
out/r175/control-test.c,archive; may include upstream code and duplicate snapshots,5070,96,93,be74d3d5481079ea5bd1a98568701d9d6d4363216afddb13585a09651fdb7fb9,,
out/r175/data-lifecycle-test.c,archive; may include upstream code and duplicate snapshots,9958,180,176,36baeb19ae7c777b761f41e7708602f1a06d72533162ee4d81b249b2ab8c9318,,
out/r175/hardware-test.c,archive; may include upstream code and duplicate snapshots,11979,264,249,038934119d4cba8c1a670ab27652e56741747b3c26dbaa83c3efb88221957be0,,
out/r175/ingress-test.c,archive; may include upstream code and duplicate snapshots,12718,205,201,3b671edbea2fd8afa0f2f2dc1153e2fc55eb9ee99a7f7489cd1e84bc91d1fb81,,
out/r175/lifetime-test.c,archive; may include upstream code and duplicate snapshots,16025,334,321,02039fc011d23173ba07bae2fe284ebbb0bd78b981f3cf04cd0110d867920aa3,,
out/r175/nat-resources-test.c,archive; may include upstream code and duplicate snapshots,6932,146,137,354d580fb035664a33992042cf5856dff8e558d745736652ecbe1009bc4db403,,
out/r175/rebuild.sh,archive; may include upstream code and duplicate snapshots,3956,57,57,73ddb49c42715e027f1ef9d8b13d29a3e53210bd4368f67fe343d71a91db795d,,
out/r175/receive-test.c,archive; may include upstream code and duplicate snapshots,18270,327,318,836a36e38ed2d8751602517b7ecf23d4024a2572e9d5841a5dc5a92e6478b6f6,,
out/r175/remove-test.c,archive; may include upstream code and duplicate snapshots,3117,68,64,953a7a8bcaeb566b1a9723f2966a88b479ffa831984357f60ee7859670ef6ab5,,
out/r175/reply-test.c,archive; may include upstream code and duplicate snapshots,3664,66,64,1f6a9cf76b91e2e864019d35b4ba2e6fca0d18b362ae4f8e9b4f5a99c5a92417,,
out/r175/rx-allocation-test.c,archive; may include upstream code and duplicate snapshots,2935,73,70,2c1850d5131e4e76f09e0ce19748b2bbf915a5b5ce03101725ff52844f69c83f,,
out/r175/validity-test.c,archive; may include upstream code and duplicate snapshots,4539,62,59,03ca88fdaa9ab902689e3694c462c12f4b57a383519f0981cbff76d617e7afec,,
out/r175/verify-bidirectional.py,archive; may include upstream code and duplicate snapshots,2251,33,31,a5658a5cc3271e6062aa65a834fc107dc22490255c5e0a2ca0bac87fc52cfd5a,,
out/r175/verify-direct-integration.py,archive; may include upstream code and duplicate snapshots,3045,61,52,98953c95d531c77e246216e4a42fac424356cea419a0ab2601ff63aa23a58fcc,,
out/r175/verify-direct-stage.py,archive; may include upstream code and duplicate snapshots,2828,57,48,1edc5204b074e07b2011066514c004f2c84e4e53d42696bd576593417a9dcbaf,,
out/r175/verify-guard.py,archive; may include upstream code and duplicate snapshots,2344,42,41,9f5eea3303677da1b681a734e16a0bdb211eb16fcc04bae0e331495c304870aa,,
out/r175/verify-handoff.py,archive; may include upstream code and duplicate snapshots,3466,60,58,14255bbe7e545d27b8958392212dd2f777406f30c1d0f5ac451b682986ce179d,,
out/r175/verify-image.py,archive; may include upstream code and duplicate snapshots,6960,146,136,5cabf2cafd1ea250c22c8647337d0de2808c878f620c305e6413c85f6a8ba044,,
out/r175/verify-kernel.py,archive; may include upstream code and duplicate snapshots,4538,83,73,8cf38770e3bfdc3f517f8bb707cf439539f9c74268982fac5dca98d34986a0c8,,
out/r175/verify-station.py,archive; may include upstream code and duplicate snapshots,2829,46,46,7cd15ac1309c61ba7fd076362703daef32889de63dc29e6b11ec0e53eb0eb238,,
out/r175/source/140-mt76-h3601p-fw-irq-poll.patch,archive; may include upstream code and duplicate snapshots,20657,731,645,9e583b25c1bb20005a820b13f72bc529fc4747d19e92cc591cc033e425b5cfd3,296,24
out/r175/source/150-h3601p-stock-pcie-l2-guard.patch,archive; may include upstream code and duplicate snapshots,2130,86,75,70df64487fe885ad002382ab7c24415274b3c11a5123941073d86a341aba2c74,15,7
out/r175/source/160-h3601p-idm-station-lifetime.patch,archive; may include upstream code and duplicate snapshots,1876,51,50,9bfb77ec4a9fc912cdf48fa34e7b91c7533ce0176ae4887e1f9b570afc0844cd,34,0
out/r175/source/170-h3601p-normal-tx-worker.patch,archive; may include upstream code and duplicate snapshots,749,20,18,05b0a31ab7d8704b368e1c14a5831344eb3d550b0b80dcbcde2ad5cf0d1cbba0,10,0
out/r175/source/180-h3601p-direct-tx-final.patch,archive; may include upstream code and duplicate snapshots,10045,337,329,26b9e4a70d9dbc8788e2ae7b2aee91478c4c77a1c613769b29d357f7013caa4c,280,0
out/r175/source/180-h3601p-direct-tx-stage1.patch,archive; may include upstream code and duplicate snapshots,10045,337,329,26b9e4a70d9dbc8788e2ae7b2aee91478c4c77a1c613769b29d357f7013caa4c,280,0
out/r175/source/180-h3601p-direct-tx-stage2.patch,archive; may include upstream code and duplicate snapshots,9817,321,313,30de50ae3946623b48747b8a2a2f12d9665ddb155c51e24e2639e30abb61b030,262,1
out/r175/source/181-h3601p-idm-direct-tx.patch,archive; may include upstream code and duplicate snapshots,4579,159,154,47e7afba01f15fa011f69ec01d363d10194f15bc83a9d83c7e8a08fb75e97a30,125,0
out/r175/source/182-h3601p-direct-aql-bypass.patch,archive; may include upstream code and duplicate snapshots,1747,56,53,f4dd1c3b48c975c2edb2d3e30122a4da6ab43ba76312c0a204ce148295821621,13,5
out/r175/source/zx-idm-wlan.h,archive; may include upstream code and duplicate snapshots,1020,24,21,a8f5a45430077e4ec58ba430f7cbecad58d8f64d01b984eba1f6dbf5e8252f3f,,
out/r175/source/zx279128s-idm-hw.c,archive; may include upstream code and duplicate snapshots,48201,1397,1344,eca33b57afd661af9753917a1ca8b92b479acc4eaa351d1d675fec38ea942c25,,
out/r175/source/zx279128s-idm-wlan.c,archive; may include upstream code and duplicate snapshots,4902,180,165,4c9b1d9f9553768c9a86f887c95b3fc025a0ac2cf9369a5c8678376eaf680464,,
out/r175/source/zx279128s-idm.c,archive; may include upstream code and duplicate snapshots,5718,215,197,9cc28ffdc2f1e1be16bc8aff093c9e63e0b7746d8565f6bd4ae7f17f4c5c8ca9,,
out/r175/source/zx279128s-idm.h,archive; may include upstream code and duplicate snapshots,2313,63,57,adce2274432d57823bf2bf1ef03827c3f439e7cc6244043dfff87b50dec5f5da,,
out/r175/source/zx279128s-l3offload.c,archive; may include upstream code and duplicate snapshots,78176,2279,2023,23002eec42605113f0a216c15ab23bce305c83c3a049fb124596a95dfaf72940,,
out/r175/source/zx279128s-l3offload.h,archive; may include upstream code and duplicate snapshots,3415,118,102,327c131e44a6a0793727b895cfd728560ef1e87473854b3d1919ba5154d78a9f,,
out/r175/source/zx279128s-tm.c,archive; may include upstream code and duplicate snapshots,78196,2631,2299,ca196d20cbc8281496ed5ab8b56fd7f011f5e193e3ff1b0da0de1944442e731d,,
out/r175/source/zx279128s-tm.h,archive; may include upstream code and duplicate snapshots,1783,88,78,cbc364380557a8df120860888c3cd95c6537777191e8def8fffa976cfaada9b4,,
out/r175/source/zx279128s-wlan-fast.c,archive; may include upstream code and duplicate snapshots,23593,607,586,5ee1bc5a2272d147a4ee14307aeb07dd55791356c2e66e8eb7d71bae6b903956,,
out/r175/source/zx279128s-wlan-fast.h,archive; may include upstream code and duplicate snapshots,781,20,20,d1578d6ede6170452f4370e3a6017cac0f98b1803fff2e9571a6a15f54993593,,
out/r175/source/zx279128s-wlan-flow.c,archive; may include upstream code and duplicate snapshots,4952,143,135,e8d7e250244573681e8d1fc217e7f406d8ac4ae3f5dc0e761ebd54d7d852a4d0,,
out/r175/source/zx279128s-wlan-flow.h,archive; may include upstream code and duplicate snapshots,1109,30,29,14e0077e1a83020427c678663b17cba8e2256ec17d467c3895758ad7c0317f8c,,
out/r176/check-admission.py,archive; may include upstream code and duplicate snapshots,888,17,17,5a02eed617a9b9d0cd1f0b870936e4b9387b35996dfa672a276125c4a8d4520b,,
out/r176/check-control.py,archive; may include upstream code and duplicate snapshots,3977,53,53,d4563f77e92e82c0f659b2c28607f4db8f9682edf82137707bb8e231f2988eb6,,
out/r176/check-data-lifecycle.py,archive; may include upstream code and duplicate snapshots,6347,77,77,79e03ee4de29426d4f5dec76d815b50333f1dba40c5690f30df95501b24fd7c6,,
out/r176/check-direct-credit.py,archive; may include upstream code and duplicate snapshots,1056,22,22,a07c8e3e5490d49c58b8f9940e0078eff4a072ce35f4ef497f33aceba68065e5,,
out/r176/check-hardware.py,archive; may include upstream code and duplicate snapshots,6125,66,66,5a21cd4820a4b17d1529f3f65cf56812ec4c87f4f03c25bd9be888ab7ce411d8,,
out/r176/check-ingress.py,archive; may include upstream code and duplicate snapshots,9718,114,114,f655c035ec623e4ca0c557b6c43568fced7aa833503c15f0ca532bc79819a6c9,,
out/r176/check-lifetime.py,archive; may include upstream code and duplicate snapshots,7876,79,79,6f27c61c7bf20c9afbf961bf29c8f1d036a5485f4adad2e6dd18b50f601bcf77,,
out/r176/check-nat-resources.py,archive; may include upstream code and duplicate snapshots,5379,77,77,7cfa794db56fcbf4079b84637785a9d10b4321539aef07cdda526242a7047fef,,
out/r176/check-receive.py,archive; may include upstream code and duplicate snapshots,11819,134,134,fd3319591caf94ca9b1ac8f6f0be5d19d83cebc2602e5ce82cf15a0321934b8b,,
out/r176/check-recycle.py,archive; may include upstream code and duplicate snapshots,2848,54,47,a72d8734966297eaad3f8318059e8daf72849a9ca478e15af0b74345b26b4cff,,
out/r176/check-remove.py,archive; may include upstream code and duplicate snapshots,2572,42,42,0cc2eab4d60915894b8d0d53c896df44406808f434e3903591c60088cb01422a,,
out/r176/check-reply.py,archive; may include upstream code and duplicate snapshots,3150,49,49,13bd11eb118ff8aa0e03f1c91746b2ca06cbd53663203a332e159fbbe4c1404e,,
out/r176/check-rx-allocation.py,archive; may include upstream code and duplicate snapshots,3001,60,60,2638f981d3474ff0c8ed3954276988c292c3e4c55a5241ab2907e50906de68d2,,
out/r176/check-validity.py,archive; may include upstream code and duplicate snapshots,3672,46,46,ed44bd560214d6b81850947cd0bde1df36df81ad4e518d3a1bdea401121f5e25,,
out/r176/control-test.c,archive; may include upstream code and duplicate snapshots,5070,96,93,be74d3d5481079ea5bd1a98568701d9d6d4363216afddb13585a09651fdb7fb9,,
out/r176/data-lifecycle-test.c,archive; may include upstream code and duplicate snapshots,9958,180,176,36baeb19ae7c777b761f41e7708602f1a06d72533162ee4d81b249b2ab8c9318,,
out/r176/hardware-test.c,archive; may include upstream code and duplicate snapshots,11979,264,249,038934119d4cba8c1a670ab27652e56741747b3c26dbaa83c3efb88221957be0,,
out/r176/ingress-test.c,archive; may include upstream code and duplicate snapshots,12718,205,201,3b671edbea2fd8afa0f2f2dc1153e2fc55eb9ee99a7f7489cd1e84bc91d1fb81,,
out/r176/lifetime-test.c,archive; may include upstream code and duplicate snapshots,16025,334,321,02039fc011d23173ba07bae2fe284ebbb0bd78b981f3cf04cd0110d867920aa3,,
out/r176/nat-resources-test.c,archive; may include upstream code and duplicate snapshots,6932,146,137,354d580fb035664a33992042cf5856dff8e558d745736652ecbe1009bc4db403,,
out/r176/rebuild.sh,archive; may include upstream code and duplicate snapshots,4036,58,58,e62fa825934348c7d3400953d1827609ad7f0eb8622d18547cfbda0a961c089a,,
out/r176/receive-test.c,archive; may include upstream code and duplicate snapshots,18270,327,318,836a36e38ed2d8751602517b7ecf23d4024a2572e9d5841a5dc5a92e6478b6f6,,
out/r176/remove-test.c,archive; may include upstream code and duplicate snapshots,3117,68,64,953a7a8bcaeb566b1a9723f2966a88b479ffa831984357f60ee7859670ef6ab5,,
out/r176/reply-test.c,archive; may include upstream code and duplicate snapshots,3664,66,64,1f6a9cf76b91e2e864019d35b4ba2e6fca0d18b362ae4f8e9b4f5a99c5a92417,,
out/r176/rx-allocation-test.c,archive; may include upstream code and duplicate snapshots,2935,73,70,2c1850d5131e4e76f09e0ce19748b2bbf915a5b5ce03101725ff52844f69c83f,,
out/r176/validity-test.c,archive; may include upstream code and duplicate snapshots,4539,62,59,03ca88fdaa9ab902689e3694c462c12f4b57a383519f0981cbff76d617e7afec,,
out/r176/verify-bidirectional.py,archive; may include upstream code and duplicate snapshots,2251,33,31,a5658a5cc3271e6062aa65a834fc107dc22490255c5e0a2ca0bac87fc52cfd5a,,
out/r176/verify-direct-integration.py,archive; may include upstream code and duplicate snapshots,3045,61,52,98953c95d531c77e246216e4a42fac424356cea419a0ab2601ff63aa23a58fcc,,
out/r176/verify-direct-stage.py,archive; may include upstream code and duplicate snapshots,2828,57,48,1edc5204b074e07b2011066514c004f2c84e4e53d42696bd576593417a9dcbaf,,
out/r176/verify-guard.py,archive; may include upstream code and duplicate snapshots,2344,42,41,9f5eea3303677da1b681a734e16a0bdb211eb16fcc04bae0e331495c304870aa,,
out/r176/verify-handoff.py,archive; may include upstream code and duplicate snapshots,3466,60,58,14255bbe7e545d27b8958392212dd2f777406f30c1d0f5ac451b682986ce179d,,
out/r176/verify-image.py,archive; may include upstream code and duplicate snapshots,6960,146,136,5cabf2cafd1ea250c22c8647337d0de2808c878f620c305e6413c85f6a8ba044,,
out/r176/verify-kernel.py,archive; may include upstream code and duplicate snapshots,4538,83,73,8cf38770e3bfdc3f517f8bb707cf439539f9c74268982fac5dca98d34986a0c8,,
out/r176/verify-station.py,archive; may include upstream code and duplicate snapshots,2829,46,46,7cd15ac1309c61ba7fd076362703daef32889de63dc29e6b11ec0e53eb0eb238,,
out/r176/source/140-mt76-h3601p-fw-irq-poll.patch,archive; may include upstream code and duplicate snapshots,20657,731,645,9e583b25c1bb20005a820b13f72bc529fc4747d19e92cc591cc033e425b5cfd3,296,24
out/r176/source/150-h3601p-stock-pcie-l2-guard.patch,archive; may include upstream code and duplicate snapshots,2130,86,75,70df64487fe885ad002382ab7c24415274b3c11a5123941073d86a341aba2c74,15,7
out/r176/source/160-h3601p-idm-station-lifetime.patch,archive; may include upstream code and duplicate snapshots,1876,51,50,9bfb77ec4a9fc912cdf48fa34e7b91c7533ce0176ae4887e1f9b570afc0844cd,34,0
out/r176/source/170-h3601p-normal-tx-worker.patch,archive; may include upstream code and duplicate snapshots,749,20,18,05b0a31ab7d8704b368e1c14a5831344eb3d550b0b80dcbcde2ad5cf0d1cbba0,10,0
out/r176/source/180-h3601p-direct-tx-final.patch,archive; may include upstream code and duplicate snapshots,10045,337,329,26b9e4a70d9dbc8788e2ae7b2aee91478c4c77a1c613769b29d357f7013caa4c,280,0
out/r176/source/180-h3601p-direct-tx-stage1.patch,archive; may include upstream code and duplicate snapshots,10045,337,329,26b9e4a70d9dbc8788e2ae7b2aee91478c4c77a1c613769b29d357f7013caa4c,280,0
out/r176/source/180-h3601p-direct-tx-stage2.patch,archive; may include upstream code and duplicate snapshots,9817,321,313,30de50ae3946623b48747b8a2a2f12d9665ddb155c51e24e2639e30abb61b030,262,1
out/r176/source/181-h3601p-idm-direct-tx.patch,archive; may include upstream code and duplicate snapshots,4579,159,154,47e7afba01f15fa011f69ec01d363d10194f15bc83a9d83c7e8a08fb75e97a30,125,0
out/r176/source/182-h3601p-direct-aql-bypass.patch,archive; may include upstream code and duplicate snapshots,1747,56,53,f4dd1c3b48c975c2edb2d3e30122a4da6ab43ba76312c0a204ce148295821621,13,5
out/r176/source/zx-idm-wlan.h,archive; may include upstream code and duplicate snapshots,1020,24,21,a8f5a45430077e4ec58ba430f7cbecad58d8f64d01b984eba1f6dbf5e8252f3f,,
out/r176/source/zx279128s-idm-hw.c,archive; may include upstream code and duplicate snapshots,48201,1397,1344,eca33b57afd661af9753917a1ca8b92b479acc4eaa351d1d675fec38ea942c25,,
out/r176/source/zx279128s-idm-wlan.c,archive; may include upstream code and duplicate snapshots,4902,180,165,4c9b1d9f9553768c9a86f887c95b3fc025a0ac2cf9369a5c8678376eaf680464,,
out/r176/source/zx279128s-idm.c,archive; may include upstream code and duplicate snapshots,5718,215,197,9cc28ffdc2f1e1be16bc8aff093c9e63e0b7746d8565f6bd4ae7f17f4c5c8ca9,,
out/r176/source/zx279128s-idm.h,archive; may include upstream code and duplicate snapshots,2313,63,57,adce2274432d57823bf2bf1ef03827c3f439e7cc6244043dfff87b50dec5f5da,,
out/r176/source/zx279128s-l3offload.c,archive; may include upstream code and duplicate snapshots,78176,2279,2023,23002eec42605113f0a216c15ab23bce305c83c3a049fb124596a95dfaf72940,,
out/r176/source/zx279128s-l3offload.h,archive; may include upstream code and duplicate snapshots,3415,118,102,327c131e44a6a0793727b895cfd728560ef1e87473854b3d1919ba5154d78a9f,,
out/r176/source/zx279128s-tm.c,archive; may include upstream code and duplicate snapshots,78196,2631,2299,ca196d20cbc8281496ed5ab8b56fd7f011f5e193e3ff1b0da0de1944442e731d,,
out/r176/source/zx279128s-tm.h,archive; may include upstream code and duplicate snapshots,1783,88,78,cbc364380557a8df120860888c3cd95c6537777191e8def8fffa976cfaada9b4,,
out/r176/source/zx279128s-wlan-fast.c,archive; may include upstream code and duplicate snapshots,23593,607,586,5ee1bc5a2272d147a4ee14307aeb07dd55791356c2e66e8eb7d71bae6b903956,,
out/r176/source/zx279128s-wlan-fast.h,archive; may include upstream code and duplicate snapshots,781,20,20,d1578d6ede6170452f4370e3a6017cac0f98b1803fff2e9571a6a15f54993593,,
out/r176/source/zx279128s-wlan-flow.c,archive; may include upstream code and duplicate snapshots,4952,143,135,e8d7e250244573681e8d1fc217e7f406d8ac4ae3f5dc0e761ebd54d7d852a4d0,,
out/r176/source/zx279128s-wlan-flow.h,archive; may include upstream code and duplicate snapshots,1109,30,29,14e0077e1a83020427c678663b17cba8e2256ec17d467c3895758ad7c0317f8c,,
out/r177/check-admission.py,archive; may include upstream code and duplicate snapshots,888,17,17,5a02eed617a9b9d0cd1f0b870936e4b9387b35996dfa672a276125c4a8d4520b,,
out/r177/check-data-lifecycle.py,archive; may include upstream code and duplicate snapshots,6347,77,77,79e03ee4de29426d4f5dec76d815b50333f1dba40c5690f30df95501b24fd7c6,,
out/r177/check-hardware.py,archive; may include upstream code and duplicate snapshots,6125,66,66,5a21cd4820a4b17d1529f3f65cf56812ec4c87f4f03c25bd9be888ab7ce411d8,,
out/r177/check-ingress.py,archive; may include upstream code and duplicate snapshots,9718,114,114,f655c035ec623e4ca0c557b6c43568fced7aa833503c15f0ca532bc79819a6c9,,
out/r177/check-nat-resources.py,archive; may include upstream code and duplicate snapshots,5379,77,77,7cfa794db56fcbf4079b84637785a9d10b4321539aef07cdda526242a7047fef,,
out/r177/check-ordered-direct.py,archive; may include upstream code and duplicate snapshots,1431,38,32,2be559e28dcb71ba88fdc9e52bb521c9d1cac7dc4ae146b2b79e8b92a364a236,,
out/r177/check-recycle.py,archive; may include upstream code and duplicate snapshots,2848,54,47,a72d8734966297eaad3f8318059e8daf72849a9ca478e15af0b74345b26b4cff,,
out/r177/check-remove.py,archive; may include upstream code and duplicate snapshots,2572,42,42,0cc2eab4d60915894b8d0d53c896df44406808f434e3903591c60088cb01422a,,
out/r177/check-reply.py,archive; may include upstream code and duplicate snapshots,3150,49,49,13bd11eb118ff8aa0e03f1c91746b2ca06cbd53663203a332e159fbbe4c1404e,,
out/r177/check-rx-allocation.py,archive; may include upstream code and duplicate snapshots,3001,60,60,2638f981d3474ff0c8ed3954276988c292c3e4c55a5241ab2907e50906de68d2,,
out/r177/data-lifecycle-test.c,archive; may include upstream code and duplicate snapshots,9958,180,176,36baeb19ae7c777b761f41e7708602f1a06d72533162ee4d81b249b2ab8c9318,,
out/r177/hardware-test.c,archive; may include upstream code and duplicate snapshots,11979,264,249,038934119d4cba8c1a670ab27652e56741747b3c26dbaa83c3efb88221957be0,,
out/r177/ingress-test.c,archive; may include upstream code and duplicate snapshots,12718,205,201,3b671edbea2fd8afa0f2f2dc1153e2fc55eb9ee99a7f7489cd1e84bc91d1fb81,,
out/r177/nat-resources-test.c,archive; may include upstream code and duplicate snapshots,6932,146,137,354d580fb035664a33992042cf5856dff8e558d745736652ecbe1009bc4db403,,
out/r177/remove-test.c,archive; may include upstream code and duplicate snapshots,3117,68,64,953a7a8bcaeb566b1a9723f2966a88b479ffa831984357f60ee7859670ef6ab5,,
out/r177/reply-test.c,archive; may include upstream code and duplicate snapshots,3664,66,64,1f6a9cf76b91e2e864019d35b4ba2e6fca0d18b362ae4f8e9b4f5a99c5a92417,,
out/r177/rx-allocation-test.c,archive; may include upstream code and duplicate snapshots,2935,73,70,2c1850d5131e4e76f09e0ce19748b2bbf915a5b5ce03101725ff52844f69c83f,,
out/r177/verify-bidirectional.py,archive; may include upstream code and duplicate snapshots,2251,33,31,a5658a5cc3271e6062aa65a834fc107dc22490255c5e0a2ca0bac87fc52cfd5a,,
out/r177/verify-direct-stage.py,archive; may include upstream code and duplicate snapshots,2828,57,48,1edc5204b074e07b2011066514c004f2c84e4e53d42696bd576593417a9dcbaf,,
out/r177/verify-guard.py,archive; may include upstream code and duplicate snapshots,2344,42,41,9f5eea3303677da1b681a734e16a0bdb211eb16fcc04bae0e331495c304870aa,,
out/r177/verify-handoff.py,archive; may include upstream code and duplicate snapshots,3466,60,58,14255bbe7e545d27b8958392212dd2f777406f30c1d0f5ac451b682986ce179d,,
out/r177/verify-image.py,archive; may include upstream code and duplicate snapshots,6960,146,136,5cabf2cafd1ea250c22c8647337d0de2808c878f620c305e6413c85f6a8ba044,,
out/r177/verify-kernel.py,archive; may include upstream code and duplicate snapshots,4538,83,73,8cf38770e3bfdc3f517f8bb707cf439539f9c74268982fac5dca98d34986a0c8,,
out/r177/verify-station.py,archive; may include upstream code and duplicate snapshots,2829,46,46,7cd15ac1309c61ba7fd076362703daef32889de63dc29e6b11ec0e53eb0eb238,,
out/r177/source/zx279128s-idm-hw.c,archive; may include upstream code and duplicate snapshots,48201,1397,1344,eca33b57afd661af9753917a1ca8b92b479acc4eaa351d1d675fec38ea942c25,,
out/r177/source/zx279128s-idm-wlan.c,archive; may include upstream code and duplicate snapshots,4902,180,165,4c9b1d9f9553768c9a86f887c95b3fc025a0ac2cf9369a5c8678376eaf680464,,
out/r177/source/zx279128s-idm.c,archive; may include upstream code and duplicate snapshots,5718,215,197,9cc28ffdc2f1e1be16bc8aff093c9e63e0b7746d8565f6bd4ae7f17f4c5c8ca9,,
out/r177/source/zx279128s-idm.h,archive; may include upstream code and duplicate snapshots,2313,63,57,adce2274432d57823bf2bf1ef03827c3f439e7cc6244043dfff87b50dec5f5da,,
out/r177/source/zx279128s-l3offload.c,archive; may include upstream code and duplicate snapshots,78176,2279,2023,23002eec42605113f0a216c15ab23bce305c83c3a049fb124596a95dfaf72940,,
out/r177/source/zx279128s-l3offload.h,archive; may include upstream code and duplicate snapshots,3415,118,102,327c131e44a6a0793727b895cfd728560ef1e87473854b3d1919ba5154d78a9f,,
out/r177/source/zx279128s-wlan-fast.c,archive; may include upstream code and duplicate snapshots,23593,607,586,5ee1bc5a2272d147a4ee14307aeb07dd55791356c2e66e8eb7d71bae6b903956,,
out/r177/source/zx279128s-wlan-fast.h,archive; may include upstream code and duplicate snapshots,781,20,20,d1578d6ede6170452f4370e3a6017cac0f98b1803fff2e9571a6a15f54993593,,
out/r178/check-ordered-direct.py,archive; may include upstream code and duplicate snapshots,1431,38,32,2be559e28dcb71ba88fdc9e52bb521c9d1cac7dc4ae146b2b79e8b92a364a236,,
out/r178/check-shared-targets.py,archive; may include upstream code and duplicate snapshots,2417,47,43,36aace1e321c0990a1e1813fb2e926e5bc2863d98f563e5188d0d7f6d971c6e2,,
out/r178/verify-bidirectional.py,archive; may include upstream code and duplicate snapshots,2251,33,31,a5658a5cc3271e6062aa65a834fc107dc22490255c5e0a2ca0bac87fc52cfd5a,,
out/r178/verify-direct-stage.py,archive; may include upstream code and duplicate snapshots,2828,57,48,1edc5204b074e07b2011066514c004f2c84e4e53d42696bd576593417a9dcbaf,,
out/r178/verify-handoff.py,archive; may include upstream code and duplicate snapshots,3466,60,58,14255bbe7e545d27b8958392212dd2f777406f30c1d0f5ac451b682986ce179d,,
out/r178/verify-image.py,archive; may include upstream code and duplicate snapshots,6960,146,136,5cabf2cafd1ea250c22c8647337d0de2808c878f620c305e6413c85f6a8ba044,,
out/r178/verify-kernel.py,archive; may include upstream code and duplicate snapshots,4538,83,73,8cf38770e3bfdc3f517f8bb707cf439539f9c74268982fac5dca98d34986a0c8,,
out/r178/verify-r178.py,archive; may include upstream code and duplicate snapshots,2734,47,43,5c2df708017ea6d1337c194eb03a2146eb7747a9e9bf575663f45f7997c2935c,,
out/r178/verify-station.py,archive; may include upstream code and duplicate snapshots,2829,46,46,7cd15ac1309c61ba7fd076362703daef32889de63dc29e6b11ec0e53eb0eb238,,
out/r178/source/zx279128s-idm-hw.c,archive; may include upstream code and duplicate snapshots,48734,1418,1363,deec994740ba04e084cc76324aae025c032a62765f4dce8831cb23d81af56473,,
out/r178/source/zx279128s-l3offload.c,archive; may include upstream code and duplicate snapshots,78176,2279,2023,23002eec42605113f0a216c15ab23bce305c83c3a049fb124596a95dfaf72940,,
out/r178/source/zx279128s-l3offload.h,archive; may include upstream code and duplicate snapshots,3415,118,102,327c131e44a6a0793727b895cfd728560ef1e87473854b3d1919ba5154d78a9f,,
out/r178/source/zx279128s-wlan-fast.c,archive; may include upstream code and duplicate snapshots,24879,647,625,f7d50d7c13c32034566e9d1c0197f26627ed6b9bb712c1b15ef022958d8d0522,,
out/r178/source/zx279128s-wlan-fast.h,archive; may include upstream code and duplicate snapshots,812,21,21,dfa883dd8efb7fa05eae8a27cf82730e75ac7a24e87018937f4bc4cbb008d0d3,,
out/r179/verify-image.py,archive; may include upstream code and duplicate snapshots,6960,146,136,5cabf2cafd1ea250c22c8647337d0de2808c878f620c305e6413c85f6a8ba044,,
out/r179/verify-kernel.py,archive; may include upstream code and duplicate snapshots,4538,83,73,8cf38770e3bfdc3f517f8bb707cf439539f9c74268982fac5dca98d34986a0c8,,
out/r179/verify-r179.py,archive; may include upstream code and duplicate snapshots,3225,68,61,dd5b8b9ecbdc68c7f9e73dca65c24814fa1c301851aec4367488d3ca6a0a8910,,
out/r179/source/zx279128s-tm.c,archive; may include upstream code and duplicate snapshots,82025,2766,2419,df993aa42d5e9a2958956a847099c73c65ebd6ac3671d51e05a281a977274694,,
out/r179/source/zx279128s-tm.h,archive; may include upstream code and duplicate snapshots,1931,94,84,771277b157b0ba3e25a65e82aa1cd87fe8f4976da076d2cee339998336e9d0e1,,
out/r180/verify-image.py,archive; may include upstream code and duplicate snapshots,6960,146,136,5cabf2cafd1ea250c22c8647337d0de2808c878f620c305e6413c85f6a8ba044,,
out/r180/verify-kernel.py,archive; may include upstream code and duplicate snapshots,4538,83,73,8cf38770e3bfdc3f517f8bb707cf439539f9c74268982fac5dca98d34986a0c8,,
out/r180/verify-r180.py,archive; may include upstream code and duplicate snapshots,4371,96,85,dd8a7a62b9b8e04bf0de05000b7a1b7e26f19970ac47a9e2b06b3b0893237c78,,
out/r180/source/185-h3601p-batched-direct-tx.patch,archive; may include upstream code and duplicate snapshots,12867,405,392,d11f55ec2ae9ca9baaf55fffa07eb987fce90ed65108506164fe2b3ff1459099,202,125
out/r180/source/mt7915-main.c,archive; may include upstream code and duplicate snapshots,63282,2276,1917,4a3b267400c1489aff00d7697bf7b32d67a923bc578d35a23d7ee99dd7572eb9,,
out/r180/source/zx279128s-wlan-fast.c,archive; may include upstream code and duplicate snapshots,25703,662,640,9dd3a2a371e528eb79fabfb48204a4869c21e6520114d853e091722a45a196b7,,
out/r181/verify-image.py,archive; may include upstream code and duplicate snapshots,6960,146,136,5cabf2cafd1ea250c22c8647337d0de2808c878f620c305e6413c85f6a8ba044,,
out/r181/verify-kernel.py,archive; may include upstream code and duplicate snapshots,4538,83,73,8cf38770e3bfdc3f517f8bb707cf439539f9c74268982fac5dca98d34986a0c8,,
out/r181/verify-r181.py,archive; may include upstream code and duplicate snapshots,4439,97,86,a378f06d44228358237e720544bfb74817aaf9d3a418f1efb809b5965bd4a029,,
out/r181/source/185-h3601p-batched-direct-tx.patch,archive; may include upstream code and duplicate snapshots,13657,424,410,c506f2e87e639c45f15c4ecebd15b7770215beb3a055de9008b424cfe688657a,221,126
out/r181/source/mt7915-main.c,archive; may include upstream code and duplicate snapshots,64009,2294,1933,d3ba49659e4f4ac6aad02ceaad4861d17b5008c08d9c19d0b3fb2ad8ed0a4cf0,,
out/r182/verify-image.py,archive; may include upstream code and duplicate snapshots,6960,146,136,5cabf2cafd1ea250c22c8647337d0de2808c878f620c305e6413c85f6a8ba044,,
out/r182/verify-kernel.py,archive; may include upstream code and duplicate snapshots,4538,83,73,8cf38770e3bfdc3f517f8bb707cf439539f9c74268982fac5dca98d34986a0c8,,
out/r182/verify-r182.py,archive; may include upstream code and duplicate snapshots,4631,100,89,95fbab97dc4dc1cdc874616fbd317bf01308ed73855516965c777929f277146a,,
out/r182/source/185-h3601p-batched-direct-tx.patch,archive; may include upstream code and duplicate snapshots,14616,453,439,1c2c9126eedc2310f704a0f81f948d0601f29120cb15710f9ed77de07156afaf,250,126
out/r182/source/mt7915-main.c,archive; may include upstream code and duplicate snapshots,64939,2323,1958,ac887f9e260cae2bf6875da3611fba2dcd95fdf5fd836ecfe4ac743eda57f32a,,
out/r182/source/zx279128s-wlan-fast.c,archive; may include upstream code and duplicate snapshots,25709,662,640,1625488b98f7788178e41719ec795c55117dc9198468c0ed2f1d0ed154442969,,
out/r183/verify-image.py,archive; may include upstream code and duplicate snapshots,6960,146,136,5cabf2cafd1ea250c22c8647337d0de2808c878f620c305e6413c85f6a8ba044,,
out/r183/verify-kernel.py,archive; may include upstream code and duplicate snapshots,4538,83,73,8cf38770e3bfdc3f517f8bb707cf439539f9c74268982fac5dca98d34986a0c8,,
out/r183/verify-r183.py,archive; may include upstream code and duplicate snapshots,4520,99,88,ac04e5af8ecd9e77867499e103f47fb3163369fd5ed75dd02fd804a5cbc4dae8,,
out/r183/source/185-h3601p-batched-direct-tx.patch,archive; may include upstream code and duplicate snapshots,13751,433,421,8ea51ce6bcdf58c7c3030335a55c49426656c72fb985033e472cd7a23bdbb3ea,232,120
out/r183/source/mt7915-main.c,archive; may include upstream code and duplicate snapshots,64414,2311,1947,bde06e16b383d4237530c047efc9797921750a5b9286957a36f0c2b5f802f1ec,,
out/r183/source/zx279128s-wlan-fast.c,archive; may include upstream code and duplicate snapshots,25709,662,640,1625488b98f7788178e41719ec795c55117dc9198468c0ed2f1d0ed154442969,,
out/r184/verify-image.py,archive; may include upstream code and duplicate snapshots,6960,146,136,5cabf2cafd1ea250c22c8647337d0de2808c878f620c305e6413c85f6a8ba044,,
out/r184/verify-kernel.py,archive; may include upstream code and duplicate snapshots,4538,83,73,8cf38770e3bfdc3f517f8bb707cf439539f9c74268982fac5dca98d34986a0c8,,
out/r184/verify-r184.py,archive; may include upstream code and duplicate snapshots,4638,101,90,e5e23db2ecc43d39fb5a5c63ed59b360205d5a8b9705b936b66ce8a34e6d36d6,,
out/r184/source/185-h3601p-batched-direct-tx.patch,archive; may include upstream code and duplicate snapshots,13080,413,403,f9990d8c284bb93bbe87bce860b2110ecbb46b42febd4dcfbf42e46d3454354e,220,115
out/r184/source/mt7915-main.c,archive; may include upstream code and duplicate snapshots,64134,2304,1940,fbacd139e7842d515f1fd67ecb70b32a352f8ad14d4e231155d011033e4920c1,,
out/r184/source/zx279128s-wlan-fast.c,archive; may include upstream code and duplicate snapshots,25709,662,640,1625488b98f7788178e41719ec795c55117dc9198468c0ed2f1d0ed154442969,,
out/r185/verify-image.py,archive; may include upstream code and duplicate snapshots,6960,146,136,5cabf2cafd1ea250c22c8647337d0de2808c878f620c305e6413c85f6a8ba044,,
out/r185/verify-kernel.py,archive; may include upstream code and duplicate snapshots,4538,83,73,8cf38770e3bfdc3f517f8bb707cf439539f9c74268982fac5dca98d34986a0c8,,
out/r185/verify-r185.py,archive; may include upstream code and duplicate snapshots,4822,102,91,ad72bb10a3bf01b5b37948b8fa5a749daa727c9dbdb116647d59519db1642aaf,,
out/r185/source/185-h3601p-batched-direct-tx.patch,archive; may include upstream code and duplicate snapshots,12490,394,384,de2588396736760a0a3e621bb1b716324fb777f65c94ead88e42db5699f5da50,203,117
out/r185/source/mt7915-main.c,archive; may include upstream code and duplicate snapshots,63521,2285,1925,1be24c37599615cec17662a5234c14171634be8e607ac5f656163a3a895d7cf3,,
out/r185/source/zx279128s-wlan-fast.c,archive; may include upstream code and duplicate snapshots,25709,662,640,1625488b98f7788178e41719ec795c55117dc9198468c0ed2f1d0ed154442969,,
out/r186/verify-image.py,archive; may include upstream code and duplicate snapshots,6960,146,136,5cabf2cafd1ea250c22c8647337d0de2808c878f620c305e6413c85f6a8ba044,,
out/r186/zx279128s-idm-hw.c,archive; may include upstream code and duplicate snapshots,49833,1441,1386,fe826d089c1aaa85f5b6872475dc6132c561db5e2a7e08b663fe5cd660446c37,,
out/r187/186-h3601p-armed-work-state.patch,archive; may include upstream code and duplicate snapshots,4798,132,127,8945a86fd387a5166d7b0c2abb696c8c12194b0d9dd1c69736e54c3ee84dad9c,47,11
out/r187/verify-image.py,archive; may include upstream code and duplicate snapshots,6960,146,136,5cabf2cafd1ea250c22c8647337d0de2808c878f620c305e6413c85f6a8ba044,,
out/r187/verify-r187.py,archive; may include upstream code and duplicate snapshots,1564,27,24,ebd203778a2539f5ee2023de965de3ab9f0d4121d934de0f8e848adbf81e9dfc,,
out/r188/187-h3601p-completion-wakeup.patch,archive; may include upstream code and duplicate snapshots,6179,166,160,71990e0413b03308056ca4c8d996f1af0618439f726a6661d9eeb7143d3d908e,55,5
out/r188/verify-image.py,archive; may include upstream code and duplicate snapshots,6960,146,136,5cabf2cafd1ea250c22c8647337d0de2808c878f620c305e6413c85f6a8ba044,,
out/r188/verify-r188.py,archive; may include upstream code and duplicate snapshots,2458,61,53,b232808af987a9462af988513c7ce0c0a794c98763e9fe736ce1c387cd3d237f,,
out/r189/188-h3601p-adjustable-credit.patch,archive; may include upstream code and duplicate snapshots,5508,134,128,59c4f986fe4994c7dd3bab767f61df037e12682f3d95a1e25911ba5934d1b6f2,47,8
out/r189/verify-image.py,archive; may include upstream code and duplicate snapshots,6960,146,136,5cabf2cafd1ea250c22c8647337d0de2808c878f620c305e6413c85f6a8ba044,,
out/r189/verify-r189.py,archive; may include upstream code and duplicate snapshots,1840,41,35,0d1c6769eb11166efaf614de715a7f1b43b456b747210d1bdede461d8e77b952,,
out/r190/189-h3601p-credit-default-256.patch,archive; may include upstream code and duplicate snapshots,993,20,19,d727e617feffe0c056584aa97b5971032b64b5c7e0f974674795091c8d22e690,2,2
out/r190/verify-image.py,archive; may include upstream code and duplicate snapshots,6960,146,136,5cabf2cafd1ea250c22c8647337d0de2808c878f620c305e6413c85f6a8ba044,,
out/r190/verify-r190.py,archive; may include upstream code and duplicate snapshots,1679,38,32,199bf45776fd1eae3affb44aa03fa5108c7a118b54a4038745aa031e169e3d62,,
out/r191/190-h3601p-stock-station-cache.patch,archive; may include upstream code and duplicate snapshots,9405,264,256,42a8def014f59ece3012621178b95374bafc9fb14e53d94b423656206115607c,128,26
out/r191/verify-image.py,archive; may include upstream code and duplicate snapshots,6960,146,136,5cabf2cafd1ea250c22c8647337d0de2808c878f620c305e6413c85f6a8ba044,,
out/r191/verify-r191.py,archive; may include upstream code and duplicate snapshots,2871,57,48,d64d67c35bccf088368f5c5452a28d12831f759074e423279ab6727f787f0bb2,,
out/r192/191-h3601p-complete-station-lifetime.patch,archive; may include upstream code and duplicate snapshots,2594,77,75,70c260c3dee078f1cf22c750bfe3cc4fdd40906a7627202b86d3f3c6b693c23d,42,2
out/r192/verify-image.py,archive; may include upstream code and duplicate snapshots,6960,146,136,5cabf2cafd1ea250c22c8647337d0de2808c878f620c305e6413c85f6a8ba044,,
out/r192/verify-r192.py,archive; may include upstream code and duplicate snapshots,3438,66,57,c2f11ddd80145d131dee231f69189673dcd110a4633c663e85eaca453806a98e,,
out/r193/190-h3601p-association-safe-station-resolution.patch,archive; may include upstream code and duplicate snapshots,648,11,11,ac47c409d9d065f2502692c526a66a4cc035fa4f0c6d22ad14a76d3dd55cc74f,1,1
out/r193/verify-image.py,archive; may include upstream code and duplicate snapshots,6960,146,136,5cabf2cafd1ea250c22c8647337d0de2808c878f620c305e6413c85f6a8ba044,,
out/r193/verify-r193.py,archive; may include upstream code and duplicate snapshots,2154,45,40,ca4aef2c57707389be6febaf32321a9446fb1e3ad4f4bb201b6555c457e75fa5,,
out/r194/190-h3601p-association-safe-station-resolution.patch,archive; may include upstream code and duplicate snapshots,648,11,11,ac47c409d9d065f2502692c526a66a4cc035fa4f0c6d22ad14a76d3dd55cc74f,1,1
out/r194/191-h3601p-silence-diagnostics.patch,archive; may include upstream code and duplicate snapshots,13970,409,349,a3029c3fc8ada447cd5dd6da2d0599745391e1d706ef7b0e0b99b030aa7707b6,51,51
out/r194/verify-image.py,archive; may include upstream code and duplicate snapshots,6960,146,136,5cabf2cafd1ea250c22c8647337d0de2808c878f620c305e6413c85f6a8ba044,,
out/r194/verify-r194.py,archive; may include upstream code and duplicate snapshots,2354,47,42,e633aef38624616bb5dfad4b10a6a6abaacdc4cffa44221fe5d60bde7874c4c5,,
out/r195/192-h3601p-idm-napi-inline-tx.patch,archive; may include upstream code and duplicate snapshots,5792,141,138,cc5c462eb21470df048c253ce21a894abbef56d830ad707da6dff1ce4c9cab42,73,8
out/r195/verify-image.py,archive; may include upstream code and duplicate snapshots,6960,146,136,5cabf2cafd1ea250c22c8647337d0de2808c878f620c305e6413c85f6a8ba044,,
out/r195/verify-r195.py,archive; may include upstream code and duplicate snapshots,3433,63,59,ac99910a8f6773d5f2b7049b4fc7c56f0048de11709737e1dd20fb2d8c31cbe0,,
out/r196/193-h3601p-idm-napi-txwi-batch.patch,archive; may include upstream code and duplicate snapshots,8115,226,222,0af1bd9ce99ce37a1216748312470437d21ef427b3add34fc3eff753d364ced0,125,3
out/r196/main.new.c,archive; may include upstream code and duplicate snapshots,74551,2589,2209,253a05d32d3f8ee8e9706afdcd1153939472e50ef436ebc7f0fae956ea311764,,
out/r196/main.old.c,archive; may include upstream code and duplicate snapshots,70815,2468,2099,dee7cd62066c37556b65577793af81243143da63f79ad4a9e5dcceb3df2294ff,,
out/r196/verify-image.py,archive; may include upstream code and duplicate snapshots,7118,148,138,91c7bd53de7ee5c8544768d0215e0c9be3fb4bb6520c3a9934be88c11418afb0,,
out/r197/193-h3601p-idm-napi-txwi-batch.patch,archive; may include upstream code and duplicate snapshots,8145,226,222,7bc57a7eeff2bd09ba40b5adfafa97498deb4063f4e0853e30ec908dd32a309a,125,3
out/r197/verify-image.py,archive; may include upstream code and duplicate snapshots,7148,148,138,3e8ac43f9579ff7b3cf46112707a6404fdab2b25c7d26e865ff7ee1a56c2b8f4,,
out/r198/193-h3601p-idm-napi-txwi-batch.patch,archive; may include upstream code and duplicate snapshots,8143,226,222,9d2475cedb4527fa4b6efcb23b2bf02f7781912e55ecdecefe615395094711ed,125,3
out/r198/verify-image.py,archive; may include upstream code and duplicate snapshots,7146,148,138,3765e1126997c6767f9865ba19ab9dcb5d9de1e346c07fac3f7dcfa000f6ec3f,,
out/r199/194-h3601p-stock-hw-txp-probe.patch,archive; may include upstream code and duplicate snapshots,4532,115,105,8f56e92ff7815620d40a72cd74907f1b63df29eccfe31e54e590399a150dcfe2,36,3
out/r199/verify-image.py,archive; may include upstream code and duplicate snapshots,7682,154,144,2f036dc68c2ca29332176a952fd0b8afeb2454689c3bdd0f3f4cea784949c060,,
out/r200/194-h3601p-stock-hw-txp-probe.patch,archive; may include upstream code and duplicate snapshots,4532,115,105,8f56e92ff7815620d40a72cd74907f1b63df29eccfe31e54e590399a150dcfe2,36,3
out/r200/195-h3601p-exact-stock-txp.patch,archive; may include upstream code and duplicate snapshots,3528,102,94,1016ebd55086916003e92fe51ca294f6fa2434387231d02d174a3b4336c2d984,36,7
out/r200/verify-image.py,archive; may include upstream code and duplicate snapshots,8448,164,154,d14e971cffb5242815c3e327e4ebecc85c71ba0c8f901a074805d5738673ef19,,
out/r201/194-h3601p-stock-hw-txp-probe.patch,archive; may include upstream code and duplicate snapshots,4532,115,105,8f56e92ff7815620d40a72cd74907f1b63df29eccfe31e54e590399a150dcfe2,36,3
out/r201/195-h3601p-exact-stock-txp.patch,archive; may include upstream code and duplicate snapshots,3528,102,94,1016ebd55086916003e92fe51ca294f6fa2434387231d02d174a3b4336c2d984,36,7
out/r201/196-h3601p-stock-multi-msdu-txp.patch,archive; may include upstream code and duplicate snapshots,11122,307,298,813a84d9408f3c40c53aad41aa40d1b679bd28126cf8d7d039d7692aa3ba702b,157,5
out/r201/verify-image.py,archive; may include upstream code and duplicate snapshots,9260,174,164,3f93296f3768ed25127777be655e5a6732639fdc1d13fc3c1f6b5f08ef213327,,
out/r202/194-h3601p-stock-hw-txp-probe.patch,archive; may include upstream code and duplicate snapshots,4532,115,105,8f56e92ff7815620d40a72cd74907f1b63df29eccfe31e54e590399a150dcfe2,36,3
out/r202/195-h3601p-exact-stock-txp.patch,archive; may include upstream code and duplicate snapshots,3528,102,94,1016ebd55086916003e92fe51ca294f6fa2434387231d02d174a3b4336c2d984,36,7
out/r202/196-h3601p-stock-multi-msdu-txp.patch,archive; may include upstream code and duplicate snapshots,11122,307,298,813a84d9408f3c40c53aad41aa40d1b679bd28126cf8d7d039d7692aa3ba702b,157,5
out/r202/197-h3601p-stock-dual-txp.patch,archive; may include upstream code and duplicate snapshots,8248,190,185,d0a9902b8aab160f718b1e5603f88e3f389b7fddd892bafb849c1e3fdf1bb7dc,59,14
out/r202/collect-test.sh,archive; may include upstream code and duplicate snapshots,609,21,21,d8fd8f573463a1476b14dce2ac75db2a3d6eba7fc21447103c2265331aaa6c47,,
out/r202/compare-test.py,archive; may include upstream code and duplicate snapshots,1696,37,35,9d622e519dc86ebcf1d235a8b03fa85ad284bbe89db0ac419ea80710168192ca,,
out/r202/verify-image.py,archive; may include upstream code and duplicate snapshots,9652,178,168,e2877578faa73c1a0d024c2220a5b45904b93ee4a96e2697494ffb8c88ccf5eb,,
out/r203/198-h3601p-stock-txp-length-marker.patch,archive; may include upstream code and duplicate snapshots,2222,48,48,47c59e93a6ca41ae3551308fbe32972fe3a08bd33d825bc1402b2cc65b3d430e,9,6
out/r203/collect-test.sh,archive; may include upstream code and duplicate snapshots,609,21,21,d8fd8f573463a1476b14dce2ac75db2a3d6eba7fc21447103c2265331aaa6c47,,
out/r203/compare-test.py,archive; may include upstream code and duplicate snapshots,1696,37,35,9d622e519dc86ebcf1d235a8b03fa85ad284bbe89db0ac419ea80710168192ca,,
out/r203/verify-image.py,archive; may include upstream code and duplicate snapshots,9709,179,169,84b46bf4fd599a718f85e8535c86ebd66563a2798354c34b8a52e892d01a5ef3,,
out/r204/199-h3601p-reject-host-txp.patch,archive; may include upstream code and duplicate snapshots,2141,51,50,418cc9adc626acaf777bbb38a2b174743a7a07587b3023ac35107ee1fc8f32c6,27,4
out/r204/verify-image.py,archive; may include upstream code and duplicate snapshots,9925,183,173,ac8205bb5d757c84e841ea7dff2ab2820e0067d34b8113341cd35bd4a64d3619,,
out/r205/200-h3601p-bounded-worker-context.patch,archive; may include upstream code and duplicate snapshots,2310,61,60,77853178bd21d2b8be576c51acfa96942239c732d656737890cdb64506a0c8c5,17,11
out/r205/verify-image.py,archive; may include upstream code and duplicate snapshots,9908,183,173,323297906ed33f56d8535951981f7c88cebce33f88f19ed432d5d9ef00695bb1,,
out/r206/check-checksum.py,archive; may include upstream code and duplicate snapshots,1151,22,22,5bf6db553f0e4b7cc47bcb9bd404342368f96335afe77eb74c1f8a982e8620c0,,
out/r206/checksum.patch,archive; may include upstream code and duplicate snapshots,2396,36,35,3769ecb17a3c10471d9a177f06b89f7b4be63bb9eae813fe979cc138670b9001,7,10
out/r206/verify-image.py,archive; may include upstream code and duplicate snapshots,9991,184,174,dfb1fb6d136351c9a701660c981dbb31e62bca03d6e37e0dc2c3ae202630d7c3,,
out/r207/admission.patch,archive; may include upstream code and duplicate snapshots,8090,221,216,96fea32a27c45123d0996b3f0f364c72f67fe91a740de6de897f293a2b60f2dc,85,57
out/r207/test-worker.py,archive; may include upstream code and duplicate snapshots,5209,87,87,33c2e7f71b2e8ead8df6f50b253f86209eab3184090008059d6c8e0347b98b2d,,
out/r207/verify-image.py,archive; may include upstream code and duplicate snapshots,10078,185,175,656a6b64300ba0681a2b1c60bb8b73c24d0f8a18ece162143d89a14707f2b691,,
out/r207/wlan-fast.before.c,archive; may include upstream code and duplicate snapshots,30205,799,770,a2c105da7a6311a9c0f730b446e49af0e4544436cd1e477cb4c91915fe9f9b4f,,
out/r207/worker-test.c,archive; may include upstream code and duplicate snapshots,10116,238,230,808be6db97163e237e9efa3b34a0285cd8a6b88535d9a8343caab7f335bd8d7e,,
out/r208/pool-test.c,archive; may include upstream code and duplicate snapshots,2165,79,72,5c0b342b44b9e953cf412599f500d1ead70d383f6e8985df0a97034cc3344f9b,,
out/r208/verify-image.py,archive; may include upstream code and duplicate snapshots,10290,188,178,78865cbb5a5ad3aec009d339aa2ebd0009ec8821235fbd1aaaa5f04d48996ab3,,
out/r209/verify-image.py,archive; may include upstream code and duplicate snapshots,10361,189,179,6fb3cebdea326c526d1ff2b1756132a706e4a6d2f2c89b83377d4852a26f3905,,
out/r210/verify-image.py,archive; may include upstream code and duplicate snapshots,10231,189,179,7489580425c3f0583418069d3ceedfcd19b1b2acc88cf4e27b0f2cb9bfa63477,,
out/r211/verify-image.py,archive; may include upstream code and duplicate snapshots,10310,190,180,54990f587914416a29c278244785204ad4c73617e4366ffa101f31b038a08aa8,,
out/r212/verify-image.py,archive; may include upstream code and duplicate snapshots,10278,190,180,99453ef007a1636d7efa1fd9618b7764d05dcfd165fe844693f44babe3de2434,,
out/r213/verify-image.py,archive; may include upstream code and duplicate snapshots,10489,192,182,d1ff25777c250f31d0b2a10585b02731382631795bbad8cbccbcf399eedc2b27,,
out/r214/verify-image.py,archive; may include upstream code and duplicate snapshots,10558,193,183,31a5f79b65f917cb25f6747aebf69f94290c584a7f7bbfa6febe2a725b561310,,
out/r215/verify-image.py,archive; may include upstream code and duplicate snapshots,10664,194,184,912f810e5dbd24682e57662bd7d80e6e0ba6c30e81b282c7ead4cb659d0f95fd,,
out/r216/verify-image.py,archive; may include upstream code and duplicate snapshots,10745,195,185,e0cf8ac9bca6701aec47604a944f882dabfa5260bc2fabb5976c5aca41486ea3,,
out/r217/verify-image.py,archive; may include upstream code and duplicate snapshots,10856,196,186,3e6942f75cb5b57fd37d596829662afc955bef9865cf323e33c48d225d9a2125,,
out/r218/verify-image.py,archive; may include upstream code and duplicate snapshots,10871,196,186,ad0ee29a70fabf7eeee42d3e02442c1541bbe5bba00d248768dba9005aafbd27,,
out/r219/verify-image.py,archive; may include upstream code and duplicate snapshots,10988,197,187,30bfd994b16447a4bbb2cdaa03c72bb216933a44d2dd675ad264199b0c609efc,,
out/r220/verify-image.py,archive; may include upstream code and duplicate snapshots,11070,198,188,db8e886eb39cb8e8c1e5265b29d358e38715643b3c1c285ecea5f505eab64c07,,
out/r221/verify-image.py,archive; may include upstream code and duplicate snapshots,11205,199,189,296ffea270a960c4181fa34b499b9f6e9867381c72fabe0f4147a9330af0cdee,,
out/r222/verify-image.py,archive; may include upstream code and duplicate snapshots,11281,200,190,0e520d5658db21f9000f8e613a18b75e00696207887bc5c8cb12e35fd06c31a9,,
out/r223/verify-image.py,archive; may include upstream code and duplicate snapshots,11380,201,191,e3982f55c55428b269bfd62401745079aab143ac0cb0ac9c6781406f390e7ae5,,
out/r224/verify-image.py,archive; may include upstream code and duplicate snapshots,11551,202,192,267116b8bc42414860d586a245e5821b8874c27a510c95366d92b82d89ca68d0,,
out/r225/verify-image.py,archive; may include upstream code and duplicate snapshots,11689,203,193,dd25843bb0af6b328ae587dcbb68a8b248f09c74b056cfdd7e942cb25ea5613f,,
out/r226/verify-image.py,archive; may include upstream code and duplicate snapshots,11835,204,194,63e6494c9873d2d59eaceed60aae7e8fdc24e8aeb0192596c8ff313ef9192e40,,
out/r227/verify-image.py,archive; may include upstream code and duplicate snapshots,11952,205,195,a3f647ce09f038c79a29c1cfabd5e50c45c09d27487d13d24703639c34d5ba81,,
out/r228/verify-image.py,archive; may include upstream code and duplicate snapshots,11998,205,195,f48801738a641efa229d6773f27cbb8114fede8a9452af826a6b8b0117f08fd0,,
out/r229/verify-image.py,archive; may include upstream code and duplicate snapshots,12233,207,197,67c935654be0da0abb136eca523a023efb2db2952b52b36a603a62b781844483,,
out/r230/verify-image.py,archive; may include upstream code and duplicate snapshots,12367,208,198,33c5ef1ea8b376521a781f6a0ee98d6d9f03aeba752a96c5d36f6609ba03ac5c,,
out/r231/verify-image.py,archive; may include upstream code and duplicate snapshots,12454,209,199,aa80a5ccf62c09007a1112ecb966f1fc93bcba144e45ebb6ff6f9fc968531949,,
out/r232/verify-image.py,archive; may include upstream code and duplicate snapshots,12651,210,200,71aa6d24c17d85ecb54be0f6f1418fe80e184f9e42d354751f568d1aef1935b5,,
out/r233/verify-image.py,archive; may include upstream code and duplicate snapshots,12799,211,201,95903fdd9bfcd87ebc9d4d6a0522ebee68cbbd2a429c719e738ff8c4f05d2f3e,,
out/r234/verify-image.py,archive; may include upstream code and duplicate snapshots,12885,212,202,7b7ad3fec25e131fdd36f5bb85ff5f2775dd2853716ad62e761eb1d831e1c6cb,,
out/r235/verify-image.py,archive; may include upstream code and duplicate snapshots,13074,213,203,372a8848c184d2964ba6414295fead99ecf709f36018498a57d803ea1aee61ab,,
out/r236/verify-image.py,archive; may include upstream code and duplicate snapshots,13214,214,204,efe32bd18295e17b68e15afa7ab910d2f06917430bcb840e2094be776fa39efc,,
out/r236/runtime/measure-v2.sh,archive; may include upstream code and duplicate snapshots,1713,12,12,8da3ce61c9c7db54667e08c9d75e2467346b19228e93c850f2f78dff962892ad,,
out/r237/verify-image.py,archive; may include upstream code and duplicate snapshots,18081,299,285,83017e98795c4ede5d4c8ebcf1e8637695136e7bf2f074f3e5ce1ec9cd526161,,
out/r238/verify-image.py,archive; may include upstream code and duplicate snapshots,22479,365,344,3688744415976a342aff5c157d002675f336e993376746b53dbcb8a73a034d77,,
out/r238/source-diff/205-h3601p-r238-napi-placement-lean-txsched.patch,archive; may include upstream code and duplicate snapshots,7624,207,196,e90c68292e3516020adc7b3f4ce30e14ca3e7ff9c3e8b8c8d86707e6bbd80738,107,7
out/r239/verify-image.py,archive; may include upstream code and duplicate snapshots,23678,375,354,ba28b22c3afe472c87696e28686b1ab3a4746a0858ab0f87a71db44f320db40b,,
out/r240/verify-image.py,archive; may include upstream code and duplicate snapshots,33807,537,510,6081bb6e70625d1499d5e175cfeee02c9c0f2228c848ef36d1fc46e9efda58b4,,
out/r240-concat/build_images.py,archive; may include upstream code and duplicate snapshots,4247,71,68,ae5d7ed864f81906b028befaedcb3778c847585ceda196736cfb185a6aa65077,,
out/r240-concat/check_storage_headers.py,archive; may include upstream code and duplicate snapshots,3405,58,57,a156169b3f8ad287eb6cf604735b5d9e34475b4ca0b41c421287c52ef0715b00,,
out/r240-concat/concat.dts,archive; may include upstream code and duplicate snapshots,7680,345,297,5cd289a3587c792ee23db0a63712d36f4eabf1011461cdfc232119d90fe39831,,
out/r240-concat/h3601p-concat-fence.h,archive; may include upstream code and duplicate snapshots,470,11,11,58275ebf87e1f657e83ea7609fa479fdc639133c9fd37bce195b9395183a61ac,,
out/r240-concat/h3601p-concat.sh,archive; may include upstream code and duplicate snapshots,3397,90,90,4053121e102fd0d5155084d45053ba3e4cdfe13fc778daa845a8acd2e315f70f,,
out/r240-concat/h3601p-inband.sh,archive; may include upstream code and duplicate snapshots,3140,87,87,2d28f45c749225ef8bc514e4d7f1e5113216119f1b0053874fa6cb22d8e2e9ba,,
out/r240-concat/h3601p-jffs2.sh,archive; may include upstream code and duplicate snapshots,3106,87,87,e397e57cbb7652ac4afdccb7193426607f9687b8c608af7e44583e418c7ea5aa,,
out/r240-concat/h3601p-ubi-check.c,archive; may include upstream code and duplicate snapshots,1348,35,34,43fe76aad63a0d6a9f9d98963dbe00e71d4eb7847edaeaabcfd74a421abcc8f9,,
out/r240-concat/h3601p-xattrs.c,archive; may include upstream code and duplicate snapshots,4825,118,117,9b055ce4d0d0f13d7bd12c7c41eface2864dc67992bea0334ee27e9c9cabdc21,,
out/r240-concat/inband-qemu-build_init.py,archive; may include upstream code and duplicate snapshots,2441,57,57,822c9f44f855191f534ee883ee09e2232f784b19c7fe71700a55a70fafb17fee,,
out/r240-concat/jffs2-inband-cleanmarkers.patch,archive; may include upstream code and duplicate snapshots,6175,194,173,6c594321ff984275de3b67efc82e74cc07ab77664cd997a444eb545321e2efd9,44,16
out/r240-concat/migrate-inband.sh,archive; may include upstream code and duplicate snapshots,3920,68,68,0adc96f20e8d5695ca8224504251a519619fe643ea62f774bb9c0a6017f28a56,,
out/r240-concat/migrate-jffs2.sh,archive; may include upstream code and duplicate snapshots,3858,68,68,5df6ac9868dafca5dd2d5588f94235a3b87ac0c716f63497e5fbe5e548a14162,,
out/r240-concat/original.dts,archive; may include upstream code and duplicate snapshots,7573,336,292,478bf4b36e2510bc79e9055bcb1890b6e62d3b13adcd3070856fc9d977feb73e,,
out/r240-concat/package_inband.py,archive; may include upstream code and duplicate snapshots,7665,105,105,c5122f8e1616175b31a1556e86e1fc8f03543cbde5a142c5db12b5b5b9d64583,,
out/r240-concat/package_jffs2.py,archive; may include upstream code and duplicate snapshots,7951,111,111,19b5e28b5f3f25b7a26b8c59754be6eeaa13fec5be29e72baaaedf28a67f975f,,
out/r240-concat/package_verify.py,archive; may include upstream code and duplicate snapshots,7647,109,109,b894a2569b757b720aaea35e783e4dff3dc7b8b8230e086a3f2842bfa973c09b,,
out/r240-concat/patch_inband.py,archive; may include upstream code and duplicate snapshots,4628,78,73,4ce4bde18808704391c210bc5956fafa7518546bcc0bc66dfd33cb57a5235f35,,
out/r240-concat/setup_build.py,archive; may include upstream code and duplicate snapshots,4890,75,72,c541623ca76fe08f593dccd1ff8b49c64a7efbaa562e733a44deeaee2a91c3fc,,
out/r240-concat/spi-zx279128s-sfc.c,archive; may include upstream code and duplicate snapshots,16216,547,492,857dfc8bdf21fbe5b33b695fbefee018d7f9323b0584bf32391103c48cacf143,,
out/r240-concat/test_boot.py,archive; may include upstream code and duplicate snapshots,4553,110,110,110ad43a651b93cd0e067687f5a947f534200c28c2f62f1bf87088a3f21af142,,
out/r240-concat/test_helpers.py,archive; may include upstream code and duplicate snapshots,3468,62,62,a7ef8a0591367ea0e419591d8e637bbc1ccf6666737c7c7e7709d33ec520142c,,
out/r240-concat/test_inband_boot.py,archive; may include upstream code and duplicate snapshots,4985,116,116,8572b155796f921cf413570ce7e975db39ae316c134f5801a122e41aadf99906,,
out/r240-concat/test_inband_migration.py,archive; may include upstream code and duplicate snapshots,3729,74,74,a15be3279aa5bf1d4fc9e81ecbbd9bb61e36f65d5bc4819a40317481ee391e06,,
out/r240-concat/test_jffs2_boot.py,archive; may include upstream code and duplicate snapshots,4956,116,116,3beab44e529935b6be5837510b594bf46548af47e198876b59637d21e1fa996b,,
out/r240-concat/test_migration.py,archive; may include upstream code and duplicate snapshots,3674,74,74,bfeb1ddcb2359e49a5af492cc1ee67f1a9a21cb423556e0bb98daeea592b73f0,,
out/r240-overlay/build_image.py,archive; may include upstream code and duplicate snapshots,1269,23,22,7879b21a2e119a8955340d375547992f23d32cca12755bb7a158416fd455fd55,,
out/r240-overlay/package_image.py,archive; may include upstream code and duplicate snapshots,6048,115,110,d0b50b2aa3d1775ab14027f41b66796f5b21e656a3639e2aaef6f6ab05c7d6ba,,
out/r240-overlay/prepare_initramfs.py,archive; may include upstream code and duplicate snapshots,3145,74,65,dca461de8e537db983d21440ae1b654ec01a2f441fb389ed65af2174fbb22910,,
out/r240-overlay/test_overlay.py,archive; may include upstream code and duplicate snapshots,5325,137,134,df86e3da8ab410b11daac643deb0a93a28cf8f10f48dcf65a5157ccef2c7340e,,
out/r241-normal/base.dts,archive; may include upstream code and duplicate snapshots,7680,345,297,5cd289a3587c792ee23db0a63712d36f4eabf1011461cdfc232119d90fe39831,,
out/r241-normal/build_rootfs.py,archive; may include upstream code and duplicate snapshots,6093,99,97,3d852ee684eb2a78dc1e1e667b47a155373b6ba7d9ec91c9e583b32afa4e38a0,,
out/r241-normal/h3601p-flash.c,archive; may include upstream code and duplicate snapshots,6315,29,29,1cb7f3d1428c3e8dafc95c44acbfd656ca41484209d4fcc7ab9897c97b0b75fd,,
out/r241-normal/h3601p-normal-overlay.sh,archive; may include upstream code and duplicate snapshots,3552,95,95,033ea5c8d52260fbac9bc461ea312d6c9fe280209ea081a0fc202495c60cb733,,
out/r241-normal/h3601p-upgrade.sh,archive; may include upstream code and duplicate snapshots,5981,136,136,e24a6e7ad8a9733294ab9eb1c3f6896946a62d9a08899b4395bd6ab21bcf3b0e,,
out/r241-normal/h3601p-write-fence.h,archive; may include upstream code and duplicate snapshots,786,16,16,b43a99db13e74ec75c88fe1cf5d4e126253bb7d261c53fc532a48a908c43f1a3,,
out/r241-normal/install-bridge.sh,archive; may include upstream code and duplicate snapshots,1422,26,26,0ec77eecbf7ac84b90e5e871a47d0ebee464580053b786c485035a77bf50d8e4,,
out/r241-normal/normal.dts,archive; may include upstream code and duplicate snapshots,8094,350,301,3a399de54546db25f42e6f5b50935326ac75abec7ea69aeac6601ae8752263bd,,
out/r241-normal/package_image.py,archive; may include upstream code and duplicate snapshots,4748,70,68,e8c04d6051941760be29402789efa5d2187b6fd58319fa2f95ab4e10e54bab12,,
out/r241-normal/platform.sh,archive; may include upstream code and duplicate snapshots,767,18,16,0287dda9ecd897e82ba418a4532e2e7027c84ecd05ddc0cd335c92fe961500a9,,
out/r241-normal/prepare_kernel.py,archive; may include upstream code and duplicate snapshots,5055,94,90,43ad93328da6df469bdb913610007f576915e22c2f2b48fc4727405da1c7ff48,,
out/r241-normal/rebuild.sh,archive; may include upstream code and duplicate snapshots,1138,24,24,d0166093116acb0735688ff7c236e6dfb48d7035e9c6bbafc91d91bf5ee7ac92,,
out/r241-normal/spi-zx279128s-sfc.c,archive; may include upstream code and duplicate snapshots,16570,555,499,f433855fe529df3b757b04c9d0c6a1b8676bb7027a4881d233d98baa573a351d,,
out/r241-normal/test-fence.c,archive; may include upstream code and duplicate snapshots,502,3,3,5dd0b645f8f973c60d5a10deeea407d316a5c56419b398b76f1c4a3c5a94b922,,
out/r241-normal/test_cspboot.py,archive; may include upstream code and duplicate snapshots,2238,25,25,5de7e0c54d0435a79877e2f7c7a69dcfc8e6f6c29913987f4e9496884ec02f67,,
out/r241-normal/test_host.py,archive; may include upstream code and duplicate snapshots,5911,66,66,10579b88969d1ba28606288dca916a3d762ff181ad6339ab1c3af27fd3e51a98,,
out/r241-normal/layout-module/h3601p-upgrade-layout.c,archive; may include upstream code and duplicate snapshots,1784,52,52,201c4fa755e3fbcdabaac897f71ef0f3965b70dac57b0bec911707142eaab838,,
out/r241-normal/qemu/build_test.py,archive; may include upstream code and duplicate snapshots,7255,146,146,fa5c04f7180a1144a05a071dece35a85028c79a23910edd91de3bfa6c32cc1f3,,
out/r241-normal/qemu/mini/boot-hook.sh,archive; may include upstream code and duplicate snapshots,902,28,28,1435a1a1d07c4b42737721ea3bb4475ee7f7cb73d04e20daf29e1179c0b3d49f,,
out/r241-normal/qemu/mini/test-boot.sh,archive; may include upstream code and duplicate snapshots,622,21,21,dc0eccc8330f4dd4952e3e8ff3d4d638c86c4575c45e267ac057a776c31cb34e,,
out/r241-normal/qemu/mini/lib/functions/h3601p-concat.sh,archive; may include upstream code and duplicate snapshots,3552,95,95,033ea5c8d52260fbac9bc461ea312d6c9fe280209ea081a0fc202495c60cb733,,
out/r241-normal/qemu/modules/h3601p-upgrade-layout.c,archive; may include upstream code and duplicate snapshots,238,4,4,995443c4c25792a1ddaae7c0c82e24332d5c0ec1b3d332172a42a4b81c362782,,
out/r241-normal/qemu/modules/spi-zx279128s-sfc.c,archive; may include upstream code and duplicate snapshots,446,6,6,bf315c2606c90350e168152920136fdd3ddf997a011e22bbae4b361bb9c72f86,,
out/r241-normal/qemu/modules/virt_concat.c,archive; may include upstream code and duplicate snapshots,993,9,9,1ad2cceba40e15163ec8ba78d2d2615c36f4af759f181a79c97e8a93f69659ba,,
out/stock-compare-r141/RTMPAllocateNdisPacket.c,archive; may include upstream code and duplicate snapshots,1309,63,62,0512142746cc0611594fe2fdf42dfdf3bd9f60b882c02b2c7a1e32a07d0a23c7,,
out/stock-compare-r141/RTMP_AllocateRxPacketBuffer.c,archive; may include upstream code and duplicate snapshots,3529,159,158,2b514ec095c2330ea03feb24c13e0a146a525976a5f5df79be390c4d62e2e89c,,
out/stock-compare-r141/StaRecUpdateAmsdu.c,archive; may include upstream code and duplicate snapshots,429,20,19,4e2bdfee7cf0192a69c92df34e6318a8d84f37b01f64dae014bd0d9f72768f0d,,
out/stock-compare-r141/StaRecUpdateHwAmsdu.c,archive; may include upstream code and duplicate snapshots,624,27,26,5bbdd9759f2148293faa35f57defc576ecb84598566e20a7bcdb1d7291e12bdf,,
out/stock-compare-r141/StaRecUpdateTxProc.c,archive; may include upstream code and duplicate snapshots,1362,63,62,0a81ac1e4d5aca80ee0abc808f2ea3234cb9c1b56c099c3c355298adc74ad9d4,,
out/stock-compare-r141/hif_init_WFDMA.c,archive; may include upstream code and duplicate snapshots,2182,53,52,df50e657b080c9f6ef72458dd16b6edda8924793637a5e7446b0948962d1a201,,
out/stock-compare-r141/hif_set_WFDMA.c,archive; may include upstream code and duplicate snapshots,2345,99,98,88165d489834d314abe5ccec8ae297a3e73a27943e447d395ed99ed4e849b296,,
out/stock-compare-r141/linux_pci_map_single.c,archive; may include upstream code and duplicate snapshots,82,4,4,8b27723d79c2ef79f593597602f212092b927013b6d6e3b6d630cc7ecd744d76,,
out/stock-compare-r141/linux_pci_unmap_single.c,archive; may include upstream code and duplicate snapshots,38,4,4,052218a0311ec83b72be878c90a41681a2e575687d2be71d96f3e97ee8b5dc29,,
out/stock-compare-r141/mt7916_txd_post_process.c,archive; may include upstream code and duplicate snapshots,207,5,5,19efecd414316093373b627a177fb502a1e91eac2e7d14156d49c54c8a5497d2,,
out/stock-compare-r141/mtf_txdone_handle.c,archive; may include upstream code and duplicate snapshots,11156,380,379,a5ed71656e12d28a29ffc38158711b8f39aa049ed62b0fb2929aa8cb89893d4c,,
out/stock-compare-r141/pci_get_pkt_dynamic_page_ddone.c,archive; may include upstream code and duplicate snapshots,3599,154,153,d65da57e9cbcec8ffddf049c8f995719b4a92a646ffbf2d1c0e291f88e1adaaa,,
out/stock-compare-r141/pci_get_pkt_dynamic_slab_ddone.c,archive; may include upstream code and duplicate snapshots,2778,116,115,1b5b5750f227dfae063e8c8c50d476e879449189a11937a5dff904a6dcff8791,,
out/stock-compare-r141/pci_rx_data_done_poll_func.c,archive; may include upstream code and duplicate snapshots,4451,171,170,ec6c5fb9e59a465888466ac6408ea366984e3c62c337e3115185824183cbd9d5,,
out/stock-compare-r141/pci_rx_dma_done_handle.c,archive; may include upstream code and duplicate snapshots,1489,59,58,10dfae09c394e0566d4e51dd345ca7b186998d9d002b961a65a9e7f35366efa0,,
out/stock-compare-r141/pci_rx_dma_done_rxq_handle.c,archive; may include upstream code and duplicate snapshots,1646,60,59,44e21ad5a8ab9fa4d44e2b88839785304fa50d9aec0f41ba232ca5811ac3da9b,,
out/stock-compare-r141/sub_1DA31C.c,archive; may include upstream code and duplicate snapshots,901,44,43,5795aa31344524d5d3aacee4bea11c0b7c33818d2f8a974eb5fceec337fc11de,,
out/stock-compare-r141/tm_tasklet_qm_schedule_task_on.c,archive; may include upstream code and duplicate snapshots,535,23,22,189716294db359a0055d8e06349efad1ba712353facdcf50aba43e1595e8b17f,,
out/stock-compare-r141/token_tx_deq.c,archive; may include upstream code and duplicate snapshots,2953,118,117,e60e6b2f7f897339e14c9424448e4043827381716603af55bb3b23e1b09cfd78,,
out/stock-cpu-layout/MacTableMaintenance.c,archive; may include upstream code and duplicate snapshots,65831,2428,2427,735f3d884cc3255f33ebc431b344a72d186f0047d2b52a3038e69045e4410241,,
out/stock-cpu-layout/RTMPRxDataDeqOffloadToOtherCPU.c,archive; may include upstream code and duplicate snapshots,121,4,4,1cd9e756c33974fa389ba2a6de1469fa7cdd818132910eb65b3d63acb98248b7,,
out/stock-cpu-layout/RtmpOSIRQRequest.c,archive; may include upstream code and duplicate snapshots,225,9,8,5aa2be3de03062cd2462056fb848e8cce6f323e9a61aeb996944f19e544a225f,,
out/stock-cpu-layout/UserCfgInit.c,archive; may include upstream code and duplicate snapshots,25336,864,863,800d9693178df1f7fdde6e1e8251a7edc4e353eb2dbc68241374442f9e5a2818,,
out/stock-cpu-layout/ZTE_set_rx_smp_proc.c,archive; may include upstream code and duplicate snapshots,399,16,15,06be6826c4c98455a6365299ac84ab6c17b1bbc5adca3d20b04755029ae9a8ba,,
out/stock-cpu-layout/fp_schedule_tx_que_on.c,archive; may include upstream code and duplicate snapshots,563,19,18,79fb82a0e58b38f590760d8d9192be55a8f7d2f74f8293a611c4826805d11530,,
out/stock-cpu-layout/hc_get_chip_cap.c,archive; may include upstream code and duplicate snapshots,63,4,4,86e7b555f3d85f94d3faa3c1ffa859f4b5dfd8fd5ec7d90b650dd0528a04263e,,
out/stock-cpu-layout/mt7916_init.c,archive; may include upstream code and duplicate snapshots,15741,415,414,d62d271fd19dac28e616d5c6376eff9b489d1ae59988adf580129f101fb81067,,
out/stock-cpu-layout/mt7916_update_chip_cap.c,archive; may include upstream code and duplicate snapshots,331,14,13,73e3ecd8552bea47bfec0f2daee95a16c4640be768832f5ce2ecddd0fc1bf289,,
out/stock-cpu-layout/pci_init_task_group.c,archive; may include upstream code and duplicate snapshots,2183,67,66,ac8c378d29387506f8fbcb3bb6c8d5bbd5f0fc94c9ddb17fe6679e1c8e59d02e,,
out/stock-cpu-layout/pci_register_irq.c,archive; may include upstream code and duplicate snapshots,632,30,29,85bbdf81e1af70670ffe48043166f4150f4c780cee61013ae4c4345eec92976e,,
out/stock-cpu-layout/set_rx_smp.c,archive; may include upstream code and duplicate snapshots,699,24,23,6c8e51ebcc6f74b1d015cccb399e1e85cab8886390ee741bdf87ed1957d3206f,,
out/stock-cpu-layout/set_tx_deq_cpu.c,archive; may include upstream code and duplicate snapshots,636,33,32,150be59033355958d3c752d4270fc122d768f65968c078c51f1a73e6f606cd2d,,
out/stock-cpu-layout/tm_tasklet_qm_init.c,archive; may include upstream code and duplicate snapshots,969,32,31,ac6530adef645403d18d7af6af30ecebb4b481e48dc711ec0a5848b9ed2b1374,,
out/stock-cpu-layout/tm_tasklet_qm_schedule_task.c,archive; may include upstream code and duplicate snapshots,577,28,27,c5048009b8e75f3390e739f295d398b2207bd9b895d4a4d5f8b5dad7446989a4,,
out/stock-cpu-layout/tm_tasklet_qm_schedule_task_on.c,archive; may include upstream code and duplicate snapshots,535,23,22,189716294db359a0055d8e06349efad1ba712353facdcf50aba43e1595e8b17f,,
out/stock-cpu-layout/tx_deq0_schedule_cpu.c,archive; may include upstream code and duplicate snapshots,223,11,10,58cb19f0fde6c51721cda6a383259a6ed8ed8d9c7777bb417b37f276d0ad3392,,
out/stock-cpu-layout/tx_deq1_schedule_cpu.c,archive; may include upstream code and duplicate snapshots,223,11,10,5bfb8cd85664bc9f6cbf1e282a1218fe3e16231b974057d3c625860e56ee33af,,
out/stock-deep-audit/disassemble-stock.py,archive; may include upstream code and duplicate snapshots,1211,22,22,db8bd4b3a73b93ecd523ed72439d7e9be6dbfd32bbc4f2a82543451c6523ab65,,
out/stock-deep-audit/int_pci_io_force_read32.c,archive; may include upstream code and duplicate snapshots,246,10,9,574b848bf1fdb3d9f7d31bf703dfd7e9af0b3d2457c7af5fd72ac0f5d70716f2,,
out/stock-deep-audit/int_pci_io_read32.c,archive; may include upstream code and duplicate snapshots,321,16,15,a15f7301bfb63e671209c6439c6f60108ed09f1578b9e172ca59b7e7c36588c6,,
out/stock-deep-audit/pci_map_io_read32.c,archive; may include upstream code and duplicate snapshots,1027,45,44,2255585940f7b31572810bd214512e0e11c49edb9ffd8de4c8c9291c35a63ed0,,
out/stock-deep-audit/sys_io_read32.c,archive; may include upstream code and duplicate snapshots,142,8,7,4ee93c3ed06032c666ebb914ab3f1f72632683bf053201b7e92691d6fa73c108,,
out/stock-wlan-performance/IfName2WlanIdmMap.c,archive; may include upstream code and duplicate snapshots,393,24,23,c874dec0cb979973fa549a0f162aa3d8ddf35bcceed44ed2efcc1b71e6d8844d,,
out/stock-wlan-performance/RTMPFreeNdisPacket.c,archive; may include upstream code and duplicate snapshots,401,24,23,a856ba4ac20df909338be238bce61b1f75394cd1457232951e1ef9518ec1f176,,
out/stock-wlan-performance/RTMP_AllocateRxPacketBuffer.c,archive; may include upstream code and duplicate snapshots,3529,159,158,2b514ec095c2330ea03feb24c13e0a146a525976a5f5df79be390c4d62e2e89c,,
out/stock-wlan-performance/RtmpOSNetPktAlloc.c,archive; may include upstream code and duplicate snapshots,442,17,16,b1d6577bf189d93a84e2903ee1c77cede07f6ace11125a643137d256aaa86c0f,,
out/stock-wlan-performance/RtmpOsPktRcvHandle.c,archive; may include upstream code and duplicate snapshots,469,18,17,f2cd3c424bb847a283c8f8173cd11fc7a01510e475dfab1599d6af1ac9394446,,
out/stock-wlan-performance/export_ida.py,archive; may include upstream code and duplicate snapshots,2986,62,58,761539ceae4638a579b0682816f91a58e2801bab829c04c2d6d21b128bd103cb,,
out/stock-wlan-performance/ffe_default_xmit.c,archive; may include upstream code and duplicate snapshots,87,4,4,affba7188ecf4a94fba9f9e0c5e48bbaba15448030589d2dfd40eb1dc2f5c136,,
out/stock-wlan-performance/ffe_get_npu_enable.c,archive; may include upstream code and duplicate snapshots,153,9,8,79d6bf7c51cbb758fc8e3491ff75b9b1d9eec94e47b1687bfff7f4e2f05ef510,,
out/stock-wlan-performance/ffe_learn_skb.c,archive; may include upstream code and duplicate snapshots,1314,57,56,9b6a13aaf274d1eb116fcac851640e06836ced9e19de94118b9e1aa6d4c6a392,,
out/stock-wlan-performance/ffe_npu_create_flow.c,archive; may include upstream code and duplicate snapshots,560,26,25,251c8d5462a9ef88b192f7207f3f7145507f3d8e4ddc2fc1feff143619d9c0f1,,
out/stock-wlan-performance/ffe_npu_indev_learn_flow.c,archive; may include upstream code and duplicate snapshots,632,28,27,c4403b3cbe3970fb6d7743245b10401287f6e69a6697b1821fa602ac9476b396,,
out/stock-wlan-performance/ffe_npu_outdev_learn_flow.c,archive; may include upstream code and duplicate snapshots,739,28,27,f239138931ff17c99bc3c891f32ebe17a650322e9405bad129d88323e3d5f027,,
out/stock-wlan-performance/ffe_receive_pkt.c,archive; may include upstream code and duplicate snapshots,1370,61,60,ea44a6bb80e5fcf781ffe1329ce768e43ba9dccf297ec953d8cfa9b0daeb81c9,,
out/stock-wlan-performance/ffe_receive_pkt_slow_path.c,archive; may include upstream code and duplicate snapshots,1160,49,48,62e9199570f7934fb9c426a0c9f4abc84e5414e8c71cf745bd28ef5184e35259,,
out/stock-wlan-performance/ffe_receive_skb.c,archive; may include upstream code and duplicate snapshots,1210,50,49,62bfbecbeb8bdfad3ebd313c75f975222ade72eec5665eda15471ca788425075,,
out/stock-wlan-performance/ffe_receive_skb_locked.c,archive; may include upstream code and duplicate snapshots,230,11,10,27e1d1315dc1da26f50775f971564a41e526710d78e14beb7d732cb74a1cb4b0,,
out/stock-wlan-performance/wlan_register_dev.c,archive; may include upstream code and duplicate snapshots,191,13,12,0a8ea157431df28ff9d68b96a114e7f6a8ae708da2f44d552c4c86ec36b72452,,
out/stock-wlan-performance/wlan_rx_handle.c,archive; may include upstream code and duplicate snapshots,618,25,24,dc725e88e83ef60554af8977a00b58a5f62be4bf6325ab8c59a2904e3e1af6c8,,
out/stock-wlan-performance/wlan_tx_handle.c,archive; may include upstream code and duplicate snapshots,140,9,9,3e317197b6102a27706ed8e9baf50ecc93206f92a0c675e8f9d0f18742d2ef7e,,
out/wlan-audit-20260914/patched-source/dma.c,archive; may include upstream code and duplicate snapshots,27511,1223,980,c9a777ed8ece7b0b1911902b21ef647e1d56c32f2a8d280c62ea2ec6a01b7531,,
out/wlan-audit-20260914/patched-source/mcu.c,archive; may include upstream code and duplicate snapshots,4077,178,143,6079953a4a207ac40fedf3ee6e5ebb1625dc698057b7f6d490aee6129fc672ea,,
out/wlan-audit-20260914/patched-source/mt7915/dma.c,archive; may include upstream code and duplicate snapshots,18398,652,548,3f4974fc7782e11fc1f55d39c9f4cb34c43810044e43d3a1b2ea068d8421ce78,,
out/wlan-audit-20260914/patched-source/mt7915/init.c,archive; may include upstream code and duplicate snapshots,36683,1338,1095,dceb6a4a76ed2239b3cc1ac2ded580a52f6d29cd73b15638b7c66a9241a5439e,,
out/wlan-audit-20260914/patched-source/mt7915/mac.c,archive; may include upstream code and duplicate snapshots,62919,2391,1927,c70b98ed1ba48be7dc3cb94cc93c07090dfab3008c64d0b896b6af18f5142638,,
out/wlan-audit-20260914/patched-source/mt7915/mcu.c,archive; may include upstream code and duplicate snapshots,113364,4401,3731,d3e3fc4c7e07caca6c90153c3f70f9cd95f1600edd7020a6376d5822ab6b072b,,
out/wlan-audit-20260914/patched-source/mt7915/mmio.c,archive; may include upstream code and duplicate snapshots,33977,1080,940,548dcd03264563e41e2a22bab2211a3073e29647738589be67c990f18319ac82,,
out/wlan-audit-20260914/patched-source/mt7915/pci.c,archive; may include upstream code and duplicate snapshots,5313,244,193,7932f87a54e3a60f275006ee1ecc440145ba7504fb74d943622d1d9835f0fef2,,
out/wlan-audit-20260914/patched-source/mt7915/regs.h,archive; may include upstream code and duplicate snapshots,43127,1229,977,9907fca575a6955d77bb6c25b1a10f8c60d32ddfaf29a23324793c11695776dd,,
out/wlan-audit-20260914/stock-ida/hif_init_WFDMA.c,archive; may include upstream code and duplicate snapshots,2702,53,52,2b08996f86936062c4478e9778cb6590fba295b9244c036bf6d026b136dbdb2d,,
out/wlan-audit-20260914/stock-ida/mt7906_hif_ctrl_chip_init.c,archive; may include upstream code and duplicate snapshots,849,24,23,9f75757e617d1e12852356eaabd99176aa370861cbca03e8d1ecf501ce37c8c3,,
out/wlan-audit-20260914/stock-ida/mt7906_isr.c,archive; may include upstream code and duplicate snapshots,3340,105,104,4bc5fb0bf617e3ae9637f9dabc37f06e2117fa134d77e9cb653f473f25ed60d8,,
out/wlan-audit-20260914/stock-ida/mt790A_hif_ctrl_chip_pcie1_init.c,archive; may include upstream code and duplicate snapshots,872,24,23,c7813501e966c0dd167d2837a98f5459f8a34c020a94128637dea872f98d4fc5,,
out/wlan-audit-20260914/stock-ida/mt790A_isr_pcie1.c,archive; may include upstream code and duplicate snapshots,3155,99,98,9a04164f946b87bac2a2bad87a49595ce774b992b50b0c22f065676cc3bfd9a1,,
out/wlan-audit-20260914/stock-ida/mt7916_hif_chip_match.c,archive; may include upstream code and duplicate snapshots,2030,68,67,b8f2c4e87af43870b4afd35d656a8e0462212ed4926ef5e986ba1c22dfafe8c9,,
out/wlan-audit-20260914/stock-ida/pci_interrupt_enable.c,archive; may include upstream code and duplicate snapshots,1713,46,45,9b7b0eb3be12ace603bef60511d191b5d311970574cb70d958f8555b71f60fc9,,
out/wlan-audit-20260914/stock-ida/pci_register_irq.c,archive; may include upstream code and duplicate snapshots,853,30,29,414e896c54fbb6122fa3e4538c3f62cdd5b080801c92de041973844ea2679f29,,
out/wlan-audit-20260914/stock-ida/pci_sw_int_handler.c,archive; may include upstream code and duplicate snapshots,2629,81,80,8522973c8b766c6e71b7474a641c0003f7d357a86a52eb8d821dca5429b37292,,
out/wlan-l3-integration/check-plan.py,archive; may include upstream code and duplicate snapshots,4993,84,84,a9d3aea3de2097913fb212a36f5e15454b3367cb11a19e1cc28973d4c76518c4,,
out/wlan-l3-integration/plan-test.c,archive; may include upstream code and duplicate snapshots,7491,179,171,25ccca3250b6c59b09283dc44e4713800f3cc2bc2132b6f4c19daae0c98724f0,,
out/wlan-l3-integration/source/zx279128s-l3offload.c,archive; may include upstream code and duplicate snapshots,66726,1951,1714,2a0438440855daead12cbd0a29a43c53970db3d84aaf57a008d039b939a9ac4e,,
out/wlan-l3-integration/source/zx279128s-wlan-flow.c,archive; may include upstream code and duplicate snapshots,4952,143,135,e8d7e250244573681e8d1fc217e7f406d8ac4ae3f5dc0e761ebd54d7d852a4d0,,
out/wlan-l3-integration/source/zx279128s-wlan-flow.h,archive; may include upstream code and duplicate snapshots,1109,30,29,14e0077e1a83020427c678663b17cba8e2256ec17d467c3895758ad7c0317f8c,,
